started_when,account_id,to_state,time_in_state_as_of_2020-09-07
2020-01-17 13:01:20.571392,1,DISABLED,234 days 10:58:38.428608000
2020-02-24 02:00:21.571392,2,UNLOCKED,196 days 21:59:37.428608000
2020-03-17 22:22:55.571392,3,DISABLED,174 days 01:37:03.428608000
2020-02-25 04:28:59.571392,4,UNLOCKED,195 days 19:30:59.428608000
2020-03-12 01:00:17.571392,5,DISABLED,179 days 22:59:41.428608000
2020-02-20 18:54:47.571392,6,UNLOCKED,200 days 05:05:11.428608000
2020-03-11 18:35:25.571392,7,DISABLED,180 days 05:24:33.428608000
2020-03-16 10:07:43.255603,8,DISABLED,175 days 13:52:15.744397000
2020-03-04 07:45:50.571392,9,UNLOCKED,187 days 16:14:08.428608000
2020-02-21 15:48:49.571392,10,UNLOCKED,199 days 08:11:09.428608000
2020-02-22 10:21:48.571392,11,UNLOCKED,198 days 13:38:10.428608000
2020-03-03 13:35:30.571392,12,UNLOCKED,188 days 10:24:28.428608000
2020-03-14 06:12:02.571392,13,DISABLED,177 days 17:47:56.428608000
2020-02-29 01:21:59.571392,14,UNLOCKED,191 days 22:37:59.428608000
2020-03-12 22:07:57.177284,15,WRITTEN_OFF,179 days 01:52:01.822716000
2020-03-02 21:13:29.571392,16,UNLOCKED,189 days 02:46:29.428608000
2020-03-05 11:15:36.571392,17,UNLOCKED,186 days 12:44:22.428608000
2020-03-04 14:41:14.571392,18,UNLOCKED,187 days 09:18:44.428608000
2020-03-05 23:08:45.571392,19,UNLOCKED,186 days 00:51:13.428608000
2020-03-12 15:06:23.571392,20,DISABLED,179 days 08:53:35.428608000
2020-02-26 01:58:07.571392,21,UNLOCKED,194 days 22:01:51.428608000
2020-03-02 10:00:18.571392,22,UNLOCKED,189 days 13:59:40.428608000
2020-01-08 10:43:17.571392,23,DISABLED,243 days 13:16:41.428608000
2020-02-25 11:48:30.571392,24,DISABLED,195 days 12:11:28.428608000
2020-03-18 12:09:33.571392,25,DISABLED,173 days 11:50:25.428608000
2020-03-15 20:13:42.571392,26,DISABLED,176 days 03:46:16.428608000
2020-02-19 00:56:36.571392,27,UNLOCKED,201 days 23:03:22.428608000
2020-02-23 18:47:23.571392,28,DISABLED,197 days 05:12:35.428608000
2020-02-26 23:38:22.571392,29,UNLOCKED,194 days 00:21:36.428608000
2020-03-04 07:10:55.571392,30,DISABLED,187 days 16:49:03.428608000
2020-03-18 01:48:11.571392,31,DISABLED,173 days 22:11:47.428608000
2020-02-28 12:21:05.571392,32,DISABLED,192 days 11:38:53.428608000
2020-03-12 21:21:50.571392,33,DISABLED,179 days 02:38:08.428608000
2020-03-01 06:59:59.571392,34,UNLOCKED,190 days 16:59:59.428608000
2020-03-18 21:58:03.571392,35,DISABLED,173 days 02:01:55.428608000
2020-03-16 17:58:58.571392,36,DISABLED,175 days 06:01:00.428608000
2020-03-06 14:02:47.571392,37,UNLOCKED,185 days 09:57:11.428608000
2020-03-17 21:50:14.571392,38,DISABLED,174 days 02:09:44.428608000
2020-03-18 03:33:24.571392,39,DISABLED,173 days 20:26:34.428608000
2020-03-15 23:05:14.571392,40,DISABLED,176 days 00:54:44.428608000
2020-03-29 16:47:34.648314,41,DISABLED,162 days 07:12:24.351686000
2020-03-13 22:49:29.571392,42,DISABLED,178 days 01:10:29.428608000
2020-03-21 08:46:30.340623,43,DISABLED,170 days 15:13:28.659377000
2020-03-11 04:31:35.571392,44,DISABLED,180 days 19:28:23.428608000
2020-03-15 05:21:10.571392,45,DISABLED,176 days 18:38:48.428608000
2020-02-29 13:08:58.571392,46,UNLOCKED,191 days 10:51:00.428608000
2020-02-28 21:40:02.571392,47,UNLOCKED,192 days 02:19:56.428608000
2020-02-29 13:26:46.571392,48,UNLOCKED,191 days 10:33:12.428608000
2020-02-23 03:23:50.571392,49,UNLOCKED,197 days 20:36:08.428608000
2020-01-21 02:50:29.571392,50,DISABLED,230 days 21:09:29.428608000
2020-02-24 07:49:24.571392,51,UNLOCKED,196 days 16:10:34.428608000
2020-03-18 08:04:37.571392,52,DISABLED,173 days 15:55:21.428608000
2020-03-18 16:18:44.571392,53,DISABLED,173 days 07:41:14.428608000
2020-03-13 18:51:47.571392,54,DISABLED,178 days 05:08:11.428608000
2020-03-16 13:22:32.571392,55,DISABLED,175 days 10:37:26.428608000
2020-03-03 03:23:04.571392,56,UNLOCKED,188 days 20:36:54.428608000
2020-03-17 09:32:09.186776,57,DISABLED,174 days 14:27:49.813224000
2020-03-13 12:30:26.571392,58,DISABLED,178 days 11:29:32.428608000
2020-02-21 13:54:54.571392,59,UNLOCKED,199 days 10:05:04.428608000
2020-03-15 17:11:12.571392,60,DISABLED,176 days 06:48:46.428608000
2020-02-27 04:50:22.571392,61,UNLOCKED,193 days 19:09:36.428608000
2020-02-23 04:55:13.571392,62,UNLOCKED,197 days 19:04:45.428608000
2020-03-14 01:48:18.571392,63,DISABLED,177 days 22:11:40.428608000
2020-02-25 19:22:36.571392,64,UNLOCKED,195 days 04:37:22.428608000
2020-03-04 02:23:37.571392,65,UNLOCKED,187 days 21:36:21.428608000
2020-01-07 16:21:05.571392,66,DISABLED,244 days 07:38:53.428608000
2020-03-18 10:33:50.571392,67,DISABLED,173 days 13:26:08.428608000
2020-03-17 03:01:23.571392,68,DISABLED,174 days 20:58:35.428608000
2020-02-24 20:09:28.571392,69,DISABLED,196 days 03:50:30.428608000
2020-03-10 21:51:42.571392,70,DISABLED,181 days 02:08:16.428608000
2020-02-04 03:43:39.571392,71,DISABLED,216 days 20:16:19.428608000
2020-03-14 13:59:36.571392,72,DISABLED,177 days 10:00:22.428608000
2020-03-12 00:51:57.571392,73,DISABLED,179 days 23:08:01.428608000
2020-02-29 08:45:48.571392,74,UNLOCKED,191 days 15:14:10.428608000
2020-02-22 00:04:09.571392,75,UNLOCKED,198 days 23:55:49.428608000
2020-03-01 01:55:14.571392,76,UNLOCKED,190 days 22:04:44.428608000
2020-03-12 00:22:09.571392,77,DISABLED,179 days 23:37:49.428608000
2020-03-12 22:07:57.209673,78,WRITTEN_OFF,179 days 01:52:01.790327000
2020-02-24 15:26:10.571392,79,UNLOCKED,196 days 08:33:48.428608000
2020-03-02 23:17:53.571392,80,UNLOCKED,189 days 00:42:05.428608000
2020-03-11 12:32:28.571392,81,DISABLED,180 days 11:27:30.428608000
2020-02-25 16:40:48.571392,82,UNLOCKED,195 days 07:19:10.428608000
2020-04-03 16:50:29.571392,83,DISABLED,157 days 07:09:29.428608000
2020-03-16 04:19:57.571392,84,DISABLED,175 days 19:40:01.428608000
2020-03-05 03:10:23.571392,85,UNLOCKED,186 days 20:49:35.428608000
2020-02-20 07:19:13.571392,86,DISABLED,200 days 16:40:45.428608000
2020-02-18 12:51:19.571392,87,UNLOCKED,202 days 11:08:39.428608000
2020-03-19 12:15:31.571392,88,DISABLED,172 days 11:44:27.428608000
2020-03-14 01:28:13.571392,89,DISABLED,177 days 22:31:45.428608000
2020-03-02 07:43:45.571392,90,UNLOCKED,189 days 16:16:13.428608000
2020-03-29 12:07:01.571392,91,DISABLED,162 days 11:52:57.428608000
2020-03-08 13:04:44.571392,92,UNLOCKED,183 days 10:55:14.428608000
2020-02-27 12:47:18.571392,93,UNLOCKED,193 days 11:12:40.428608000
2020-03-17 11:53:40.571392,94,DISABLED,174 days 12:06:18.428608000
2020-03-04 04:42:53.571392,95,UNLOCKED,187 days 19:17:05.428608000
2020-03-16 16:24:57.571392,96,DISABLED,175 days 07:35:01.428608000
2020-03-04 05:42:41.571392,97,UNLOCKED,187 days 18:17:17.428608000
2020-02-22 18:58:53.571392,98,UNLOCKED,198 days 05:01:05.428608000
2020-03-11 01:06:06.571392,99,DISABLED,180 days 22:53:52.428608000
2020-02-27 02:44:30.571392,100,UNLOCKED,193 days 21:15:28.428608000
2020-03-14 21:21:54.571392,101,DISABLED,177 days 02:38:04.428608000
2020-03-13 06:02:01.571392,102,DISABLED,178 days 17:57:57.428608000
2020-02-29 18:49:07.571392,103,UNLOCKED,191 days 05:10:51.428608000
2020-03-12 04:16:41.571392,104,DISABLED,179 days 19:43:17.428608000
2020-03-14 04:38:39.571392,105,DISABLED,177 days 19:21:19.428608000
2020-02-27 13:57:42.571392,106,UNLOCKED,193 days 10:02:16.428608000
2020-03-07 21:42:48.571392,107,UNLOCKED,184 days 02:17:10.428608000
2020-03-13 15:43:30.571392,108,DISABLED,178 days 08:16:28.428608000
2020-03-15 17:07:48.571392,109,DISABLED,176 days 06:52:10.428608000
2020-03-12 01:01:39.571392,110,DISABLED,179 days 22:58:19.428608000
2020-03-16 05:39:41.571392,111,DISABLED,175 days 18:20:17.428608000
2020-02-11 05:26:48.571392,112,DISABLED,209 days 18:33:10.428608000
2020-03-12 23:29:34.571392,113,DISABLED,179 days 00:30:24.428608000
2020-03-12 22:17:14.571392,114,DISABLED,179 days 01:42:44.428608000
2020-03-15 04:25:10.571392,115,DISABLED,176 days 19:34:48.428608000
2020-03-04 08:35:15.571392,116,UNLOCKED,187 days 15:24:43.428608000
2019-12-30 11:39:40.571392,117,DISABLED,252 days 12:20:18.428608000
2020-03-03 02:31:21.571392,118,UNLOCKED,188 days 21:28:37.428608000
2020-02-22 09:15:52.571392,119,UNLOCKED,198 days 14:44:06.428608000
2020-03-17 10:17:35.571392,120,DISABLED,174 days 13:42:23.428608000
2020-03-15 14:10:44.571392,121,DISABLED,176 days 09:49:14.428608000
2020-03-14 11:34:17.571392,122,DISABLED,177 days 12:25:41.428608000
2020-03-15 01:04:19.571392,123,DISABLED,176 days 22:55:39.428608000
2020-02-27 20:56:41.571392,124,UNLOCKED,193 days 03:03:17.428608000
2020-02-28 06:24:12.571392,125,UNLOCKED,192 days 17:35:46.428608000
2020-02-29 03:26:17.571392,126,UNLOCKED,191 days 20:33:41.428608000
2020-02-28 06:27:26.571392,127,UNLOCKED,192 days 17:32:32.428608000
2020-03-13 03:01:37.571392,128,DISABLED,178 days 20:58:21.428608000
2020-02-11 13:56:31.571392,129,DISABLED,209 days 10:03:27.428608000
2020-02-29 05:56:27.571392,130,UNLOCKED,191 days 18:03:31.428608000
2020-03-01 12:23:59.571392,131,UNLOCKED,190 days 11:35:59.428608000
2020-03-14 14:58:46.571392,132,DISABLED,177 days 09:01:12.428608000
2020-03-02 10:24:10.571392,133,UNLOCKED,189 days 13:35:48.428608000
2020-02-24 15:59:10.571392,134,UNLOCKED,196 days 08:00:48.428608000
2020-03-13 07:12:27.571392,135,DISABLED,178 days 16:47:31.428608000
2020-02-26 00:28:13.571392,136,UNLOCKED,194 days 23:31:45.428608000
2020-03-02 04:39:22.571392,137,UNLOCKED,189 days 19:20:36.428608000
2020-03-11 20:00:26.571392,138,DISABLED,180 days 03:59:32.428608000
2020-02-25 22:07:12.571392,139,UNLOCKED,195 days 01:52:46.428608000
2020-03-14 08:39:45.571392,140,DISABLED,177 days 15:20:13.428608000
2020-02-27 12:52:14.571392,141,UNLOCKED,193 days 11:07:44.428608000
2020-03-12 07:30:20.571392,142,DISABLED,179 days 16:29:38.428608000
2020-03-15 02:17:48.571392,143,DISABLED,176 days 21:42:10.428608000
2020-03-13 04:49:53.571392,144,DISABLED,178 days 19:10:05.428608000
2020-03-04 05:24:20.571392,145,UNLOCKED,187 days 18:35:38.428608000
2020-02-15 23:41:09.571392,146,DISABLED,205 days 00:18:49.428608000
2020-03-02 12:19:31.571392,147,UNLOCKED,189 days 11:40:27.428608000
2020-02-27 03:03:01.571392,148,UNLOCKED,193 days 20:56:57.428608000
2020-03-02 06:43:10.571392,149,UNLOCKED,189 days 17:16:48.428608000
2020-03-06 17:35:43.571392,150,UNLOCKED,185 days 06:24:15.428608000
2020-03-14 02:22:01.571392,151,DISABLED,177 days 21:37:57.428608000
2020-02-21 06:13:46.571392,152,UNLOCKED,199 days 17:46:12.428608000
2020-03-17 19:07:46.571392,153,DISABLED,174 days 04:52:12.428608000
2020-03-14 15:46:03.571392,154,DISABLED,177 days 08:13:55.428608000
2020-02-23 20:36:39.571392,155,UNLOCKED,197 days 03:23:19.428608000
2020-03-15 11:07:29.571392,156,DISABLED,176 days 12:52:29.428608000
2020-03-14 22:13:43.571392,157,DISABLED,177 days 01:46:15.428608000
2020-02-23 07:55:10.571392,158,UNLOCKED,197 days 16:04:48.428608000
2020-03-01 18:32:28.571392,159,UNLOCKED,190 days 05:27:30.428608000
2020-02-28 00:18:06.571392,160,UNLOCKED,192 days 23:41:52.428608000
2020-02-21 18:03:03.571392,161,UNLOCKED,199 days 05:56:55.428608000
2020-03-11 23:58:09.571392,162,DISABLED,180 days 00:01:49.428608000
2020-03-06 21:27:31.571392,163,UNLOCKED,185 days 02:32:27.428608000
2020-03-11 18:26:38.571392,164,DISABLED,180 days 05:33:20.428608000
2020-03-03 21:56:07.571392,165,UNLOCKED,188 days 02:03:51.428608000
2020-03-13 04:51:08.571392,166,DISABLED,178 days 19:08:50.428608000
2020-03-11 00:33:29.571392,167,DISABLED,180 days 23:26:29.428608000
2020-03-14 15:08:25.571392,168,DISABLED,177 days 08:51:33.428608000
2020-03-13 09:09:09.571392,169,DISABLED,178 days 14:50:49.428608000
2020-03-07 17:43:40.571392,170,UNLOCKED,184 days 06:16:18.428608000
2020-03-13 11:40:57.571392,171,DISABLED,178 days 12:19:01.428608000
2020-03-13 12:36:11.571392,172,DISABLED,178 days 11:23:47.428608000
2020-03-12 22:07:57.238482,173,WRITTEN_OFF,179 days 01:52:01.761518000
2020-02-26 20:52:44.571392,174,UNLOCKED,194 days 03:07:14.428608000
2020-02-16 17:33:15.571392,175,DISABLED,204 days 06:26:43.428608000
2020-03-13 23:00:31.571392,176,DISABLED,178 days 00:59:27.428608000
2020-03-17 06:05:38.571392,177,DISABLED,174 days 17:54:20.428608000
2020-03-16 20:12:20.571392,178,DISABLED,175 days 03:47:38.428608000
2020-01-28 22:33:11.371392,179,DISABLED,223 days 01:26:47.628608000
2020-03-03 10:32:14.571392,180,UNLOCKED,188 days 13:27:44.428608000
2020-03-19 03:04:59.571392,181,DISABLED,172 days 20:54:59.428608000
2020-03-13 17:13:19.571392,182,DISABLED,178 days 06:46:39.428608000
2020-03-16 01:35:21.571392,183,DISABLED,175 days 22:24:37.428608000
2020-03-16 07:55:04.571392,184,DISABLED,175 days 16:04:54.428608000
2020-03-13 22:19:40.571392,185,DISABLED,178 days 01:40:18.428608000
2020-03-03 04:45:00.571392,186,UNLOCKED,188 days 19:14:58.428608000
2020-02-22 20:44:56.571392,187,UNLOCKED,198 days 03:15:02.428608000
2020-02-27 23:53:31.571392,188,UNLOCKED,193 days 00:06:27.428608000
2020-02-19 23:38:08.571392,189,UNLOCKED,201 days 00:21:50.428608000
2020-03-02 06:38:00.571392,190,UNLOCKED,189 days 17:21:58.428608000
2020-03-12 08:54:02.571392,191,DISABLED,179 days 15:05:56.428608000
2020-03-11 04:04:54.571392,192,DISABLED,180 days 19:55:04.428608000
2020-03-05 00:20:02.571392,193,UNLOCKED,186 days 23:39:56.428608000
2020-03-13 05:18:10.571392,194,DISABLED,178 days 18:41:48.428608000
2020-03-16 00:08:52.571392,195,DISABLED,175 days 23:51:06.428608000
2020-03-13 09:20:33.571392,196,DISABLED,178 days 14:39:25.428608000
2020-02-26 21:38:13.571392,197,UNLOCKED,194 days 02:21:45.428608000
2020-02-22 02:46:10.571392,198,UNLOCKED,198 days 21:13:48.428608000
2020-03-17 19:57:47.571392,199,DISABLED,174 days 04:02:11.428608000
2020-03-15 02:26:49.571392,200,DISABLED,176 days 21:33:09.428608000
2020-03-09 20:00:37.571392,201,DISABLED,182 days 03:59:21.428608000
2020-03-13 02:57:32.571392,202,DISABLED,178 days 21:02:26.428608000
2020-03-12 07:27:34.571392,203,DISABLED,179 days 16:32:24.428608000
2020-03-06 01:10:13.571392,204,UNLOCKED,185 days 22:49:45.428608000
2020-02-25 06:36:53.571392,205,DISABLED,195 days 17:23:05.428608000
2020-03-03 10:45:58.571392,206,UNLOCKED,188 days 13:14:00.428608000
2019-12-27 09:37:45.640358,207,DISABLED,255 days 14:22:13.359642000
2020-03-14 21:07:23.571392,208,DISABLED,177 days 02:52:35.428608000
2020-03-13 13:03:29.571392,209,DISABLED,178 days 10:56:29.428608000
2020-03-15 00:44:58.571392,210,DISABLED,176 days 23:15:00.428608000
2020-03-05 19:24:18.571392,211,UNLOCKED,186 days 04:35:40.428608000
2020-02-24 14:28:40.571392,212,UNLOCKED,196 days 09:31:18.428608000
2020-03-18 09:43:25.571392,213,DISABLED,173 days 14:16:33.428608000
2020-03-18 03:14:56.571392,214,DISABLED,173 days 20:45:02.428608000
2020-03-01 23:27:31.571392,215,UNLOCKED,190 days 00:32:27.428608000
2020-03-18 11:36:35.571392,216,DISABLED,173 days 12:23:23.428608000
2020-01-26 21:28:21.467944,217,DISABLED,225 days 02:31:37.532056000
2020-03-12 12:51:45.571392,218,DISABLED,179 days 11:08:13.428608000
2020-03-15 10:35:54.571392,219,DISABLED,176 days 13:24:04.428608000
2020-02-28 08:41:22.674840,220,DISABLED,192 days 15:18:36.325160000
2020-03-01 09:42:16.571392,221,UNLOCKED,190 days 14:17:42.428608000
2020-03-17 09:54:43.571392,222,DISABLED,174 days 14:05:15.428608000
2020-03-14 12:06:37.571392,223,DISABLED,177 days 11:53:21.428608000
2020-03-13 13:28:41.571392,224,DISABLED,178 days 10:31:17.428608000
2020-03-12 22:07:57.374806,225,WRITTEN_OFF,179 days 01:52:01.625194000
2020-03-08 04:29:51.571392,226,UNLOCKED,183 days 19:30:07.428608000
2020-03-13 17:14:15.571392,227,DISABLED,178 days 06:45:43.428608000
2020-02-26 14:23:40.571392,228,UNLOCKED,194 days 09:36:18.428608000
2020-03-16 01:30:13.571392,229,DISABLED,175 days 22:29:45.428608000
2020-03-18 13:32:37.571392,230,DISABLED,173 days 10:27:21.428608000
2020-02-20 17:07:12.571392,231,UNLOCKED,200 days 06:52:46.428608000
2020-03-11 15:26:27.571392,232,DISABLED,180 days 08:33:31.428608000
2020-02-27 13:12:15.571392,233,UNLOCKED,193 days 10:47:43.428608000
2020-03-01 05:10:34.571392,234,UNLOCKED,190 days 18:49:24.428608000
2020-03-08 12:42:39.571392,235,UNLOCKED,183 days 11:17:19.428608000
2020-03-16 23:21:03.571392,236,DISABLED,175 days 00:38:55.428608000
2020-03-02 03:24:03.571392,237,UNLOCKED,189 days 20:35:55.428608000
2020-02-26 23:45:23.571392,238,UNLOCKED,194 days 00:14:35.428608000
2020-03-13 10:04:51.571392,239,DISABLED,178 days 13:55:07.428608000
2020-03-16 20:37:29.571392,240,DISABLED,175 days 03:22:29.428608000
2020-03-04 14:14:00.571392,241,UNLOCKED,187 days 09:45:58.428608000
2020-03-15 14:51:53.571392,242,DISABLED,176 days 09:08:05.428608000
2020-03-12 22:27:10.571392,243,DISABLED,179 days 01:32:48.428608000
2020-03-18 05:39:35.571392,244,DISABLED,173 days 18:20:23.428608000
2020-03-16 16:14:05.571392,245,DISABLED,175 days 07:45:53.428608000
2020-01-22 10:04:03.571392,246,DISABLED,229 days 13:55:55.428608000
2020-03-12 21:12:42.571392,247,DISABLED,179 days 02:47:16.428608000
2020-02-29 13:24:04.956007,248,DISABLED,191 days 10:35:54.043993000
2020-02-21 17:58:35.571392,249,UNLOCKED,199 days 06:01:23.428608000
2020-02-26 12:05:25.109854,250,DISABLED,194 days 11:54:33.890146000
2020-03-14 19:50:50.571392,251,DISABLED,177 days 04:09:08.428608000
2020-03-24 01:55:45.032931,252,DISABLED,167 days 22:04:13.967069000
2020-03-17 17:28:07.571392,253,DISABLED,174 days 06:31:51.428608000
2020-03-27 09:34:18.032931,254,DISABLED,164 days 14:25:40.967069000
2020-03-04 02:38:23.571392,255,UNLOCKED,187 days 21:21:35.428608000
2020-01-23 23:54:49.571392,256,DISABLED,228 days 00:05:09.428608000
2020-03-12 23:19:45.571392,257,DISABLED,179 days 00:40:13.428608000
2020-03-13 14:17:31.571392,258,DISABLED,178 days 09:42:27.428608000
2020-03-01 19:26:48.571392,259,UNLOCKED,190 days 04:33:10.428608000
2020-02-29 07:59:22.571392,260,UNLOCKED,191 days 16:00:36.428608000
2020-03-14 05:06:26.571392,261,DISABLED,177 days 18:53:32.428608000
2020-02-26 14:36:32.571392,262,UNLOCKED,194 days 09:23:26.428608000
2020-02-28 09:56:05.571392,263,UNLOCKED,192 days 14:03:53.428608000
2020-03-11 18:43:42.802161,264,DISABLED,180 days 05:16:16.197839000
2020-03-12 05:45:48.571392,265,DISABLED,179 days 18:14:10.428608000
2020-02-16 17:07:53.571392,266,DISABLED,204 days 06:52:05.428608000
2020-03-02 10:54:33.571392,267,UNLOCKED,189 days 13:05:25.428608000
2020-02-16 09:29:59.725238,268,DISABLED,204 days 14:29:59.274762000
2020-02-29 12:02:55.571392,269,UNLOCKED,191 days 11:57:03.428608000
2020-03-13 20:22:57.571392,270,DISABLED,178 days 03:37:01.428608000
2020-03-17 21:17:59.571392,271,DISABLED,174 days 02:41:59.428608000
2020-03-03 13:10:32.025937,272,DISABLED,188 days 10:49:26.974063000
2020-03-01 18:09:34.571392,273,UNLOCKED,190 days 05:50:24.428608000
2020-02-24 04:49:32.571392,274,UNLOCKED,196 days 19:10:26.428608000
2020-02-24 08:39:30.571392,275,UNLOCKED,196 days 15:20:28.428608000
2020-03-07 00:04:29.571392,276,UNLOCKED,184 days 23:55:29.428608000
2020-03-17 00:53:53.571392,277,DISABLED,174 days 23:06:05.428608000
2020-03-16 18:32:14.571392,278,DISABLED,175 days 05:27:44.428608000
2020-03-18 19:35:41.571392,279,DISABLED,173 days 04:24:17.428608000
2020-02-25 04:50:08.571392,280,UNLOCKED,195 days 19:09:50.428608000
2020-02-29 20:04:01.571392,281,UNLOCKED,191 days 03:55:57.428608000
2020-03-14 18:01:22.571392,282,DISABLED,177 days 05:58:36.428608000
2020-03-06 07:01:50.571392,283,UNLOCKED,185 days 16:58:08.428608000
2020-03-11 15:45:31.571392,284,DISABLED,180 days 08:14:27.428608000
2020-03-14 14:56:52.571392,285,DISABLED,177 days 09:03:06.428608000
2020-03-15 01:10:02.571392,286,DISABLED,176 days 22:49:56.428608000
2020-02-29 15:27:55.571392,287,UNLOCKED,191 days 08:32:03.428608000
2020-03-10 16:51:31.571392,288,DISABLED,181 days 07:08:27.428608000
2020-03-13 02:16:54.571392,289,DISABLED,178 days 21:43:04.428608000
2020-02-27 04:46:59.571392,290,UNLOCKED,193 days 19:12:59.428608000
2020-03-11 02:25:03.571392,291,UNLOCKED,180 days 21:34:55.428608000
2019-12-15 06:51:22.571392,292,DISABLED,267 days 17:08:36.428608000
2020-03-16 14:10:33.571392,293,DISABLED,175 days 09:49:25.428608000
2020-02-28 20:08:50.571392,294,UNLOCKED,192 days 03:51:08.428608000
2020-01-01 07:45:57.171392,295,DISABLED,250 days 16:14:01.828608000
2020-03-12 07:58:50.571392,296,DISABLED,179 days 16:01:08.428608000
2020-03-14 13:56:54.571392,297,DISABLED,177 days 10:03:04.428608000
2020-03-19 05:11:44.571392,298,DISABLED,172 days 18:48:14.428608000
2020-03-13 12:03:39.571392,299,DISABLED,178 days 11:56:19.428608000
2020-03-05 00:50:48.571392,300,UNLOCKED,186 days 23:09:10.428608000
2020-03-04 14:39:30.571392,301,UNLOCKED,187 days 09:20:28.428608000
2020-03-09 18:07:59.571392,302,UNLOCKED,182 days 05:51:59.428608000
2020-03-05 17:34:24.571392,303,UNLOCKED,186 days 06:25:34.428608000
2020-03-13 18:07:50.571392,304,DISABLED,178 days 05:52:08.428608000
2020-03-09 11:23:48.571392,305,UNLOCKED,182 days 12:36:10.428608000
2020-02-29 12:20:30.571392,306,UNLOCKED,191 days 11:39:28.428608000
2020-02-25 04:42:40.571392,307,UNLOCKED,195 days 19:17:18.428608000
2020-03-02 22:19:57.571392,308,UNLOCKED,189 days 01:40:01.428608000
2020-03-12 10:51:05.571392,309,DISABLED,179 days 13:08:53.428608000
2020-03-12 20:39:35.571392,310,DISABLED,179 days 03:20:23.428608000
2020-03-05 16:59:20.571392,311,UNLOCKED,186 days 07:00:38.428608000
2020-03-10 01:19:43.571392,312,DISABLED,181 days 22:40:15.428608000
2020-02-28 02:27:22.571392,313,UNLOCKED,192 days 21:32:36.428608000
2020-03-22 00:14:15.571392,314,DISABLED,169 days 23:45:43.428608000
2020-03-14 03:17:06.571392,315,DISABLED,177 days 20:42:52.428608000
2020-03-27 12:35:15.571392,316,DISABLED,164 days 11:24:43.428608000
2020-03-04 04:56:18.571392,317,UNLOCKED,187 days 19:03:40.428608000
2020-02-22 11:19:12.571392,318,UNLOCKED,198 days 12:40:46.428608000
2020-02-26 11:21:17.571392,319,UNLOCKED,194 days 12:38:41.428608000
2020-03-25 04:40:00.571392,320,DISABLED,166 days 19:19:58.428608000
2020-03-19 03:38:37.571392,321,DISABLED,172 days 20:21:21.428608000
2020-03-17 21:18:05.571392,322,DISABLED,174 days 02:41:53.428608000
2020-03-13 04:59:49.571392,323,DISABLED,178 days 19:00:09.428608000
2020-03-01 03:39:02.571392,324,UNLOCKED,190 days 20:20:56.428608000
2020-02-24 23:56:30.571392,325,UNLOCKED,196 days 00:03:28.428608000
2020-03-13 15:58:16.571392,326,DISABLED,178 days 08:01:42.428608000
2020-03-17 01:42:21.571392,327,DISABLED,174 days 22:17:37.428608000
2020-03-14 21:34:46.571392,328,DISABLED,177 days 02:25:12.428608000
2020-03-19 05:59:25.571392,329,DISABLED,172 days 18:00:33.428608000
2020-02-25 03:26:31.571392,330,UNLOCKED,195 days 20:33:27.428608000
2020-03-14 18:27:32.571392,331,DISABLED,177 days 05:32:26.428608000
2020-02-29 18:13:25.571392,332,UNLOCKED,191 days 05:46:33.428608000
2020-03-01 14:07:05.571392,333,UNLOCKED,190 days 09:52:53.428608000
2020-02-21 00:49:40.571392,334,UNLOCKED,199 days 23:10:18.428608000
2020-02-20 13:58:03.571392,335,UNLOCKED,200 days 10:01:55.428608000
2020-02-21 22:57:59.571392,336,UNLOCKED,199 days 01:01:59.428608000
2020-03-15 19:53:00.571392,337,DISABLED,176 days 04:06:58.428608000
2020-03-03 17:06:01.571392,338,UNLOCKED,188 days 06:53:57.428608000
2020-03-12 22:16:07.571392,339,DISABLED,179 days 01:43:51.428608000
2020-03-09 04:55:57.571392,340,UNLOCKED,182 days 19:04:01.428608000
2020-01-24 10:40:50.571392,341,DISABLED,227 days 13:19:08.428608000
2020-03-03 21:59:51.571392,342,DISABLED,188 days 02:00:07.428608000
2020-03-12 21:01:45.571392,343,DISABLED,179 days 02:58:13.428608000
2020-03-11 16:39:22.571392,344,DISABLED,180 days 07:20:36.428608000
2020-02-22 22:33:09.571392,345,UNLOCKED,198 days 01:26:49.428608000
2020-03-08 22:06:21.571392,346,UNLOCKED,183 days 01:53:37.428608000
2020-03-12 18:47:36.571392,347,DISABLED,179 days 05:12:22.428608000
2020-02-21 16:06:15.571392,348,UNLOCKED,199 days 07:53:43.428608000
2020-03-12 01:08:02.571392,349,UNLOCKED,179 days 22:51:56.428608000
2020-03-14 07:02:54.571392,350,DISABLED,177 days 16:57:04.428608000
2020-03-11 09:46:42.571392,351,DISABLED,180 days 14:13:16.428608000
2020-03-06 16:33:31.571392,352,UNLOCKED,185 days 07:26:27.428608000
2020-03-02 17:52:00.571392,353,UNLOCKED,189 days 06:07:58.428608000
2020-02-29 23:48:56.571392,354,UNLOCKED,191 days 00:11:02.428608000
2020-03-02 07:08:56.571392,355,UNLOCKED,189 days 16:51:02.428608000
2020-03-17 02:19:23.571392,356,DISABLED,174 days 21:40:35.428608000
2020-01-24 07:51:19.186777,357,DISABLED,227 days 16:08:39.813223000
2020-03-11 16:49:44.571392,358,DISABLED,180 days 07:10:14.428608000
2020-02-26 03:24:52.571392,359,UNLOCKED,194 days 20:35:06.428608000
2020-03-16 14:50:22.571392,360,DISABLED,175 days 09:09:36.428608000
2020-03-15 02:59:36.571392,361,DISABLED,176 days 21:00:22.428608000
2020-03-14 09:42:46.571392,362,DISABLED,177 days 14:17:12.428608000
2020-02-25 01:19:35.571392,363,UNLOCKED,195 days 22:40:23.428608000
2020-03-15 22:14:41.571392,364,DISABLED,176 days 01:45:17.428608000
2020-03-15 07:14:58.571392,365,DISABLED,176 days 16:45:00.428608000
2020-03-04 23:15:26.571392,366,UNLOCKED,187 days 00:44:32.428608000
2020-01-20 21:35:07.571392,367,DISABLED,231 days 02:24:51.428608000
2020-02-21 16:13:18.571392,368,UNLOCKED,199 days 07:46:40.428608000
2020-03-13 21:12:12.571392,369,DISABLED,178 days 02:47:46.428608000
2020-03-28 17:21:25.571392,370,DISABLED,163 days 06:38:33.428608000
2020-03-11 04:40:25.571392,371,DISABLED,180 days 19:19:33.428608000
2020-03-15 19:04:40.571392,372,DISABLED,176 days 04:55:18.428608000
2020-02-23 12:06:50.571392,373,UNLOCKED,197 days 11:53:08.428608000
2020-03-12 18:08:54.571392,374,DISABLED,179 days 05:51:04.428608000
2020-01-05 14:22:51.879084,375,DISABLED,246 days 09:37:07.120916000
2020-03-07 09:44:05.571392,376,UNLOCKED,184 days 14:15:53.428608000
2020-03-06 04:39:05.571392,377,DISABLED,185 days 19:20:53.428608000
2020-03-24 21:19:50.571392,378,DISABLED,167 days 02:40:08.428608000
2020-03-04 06:20:42.571392,379,UNLOCKED,187 days 17:39:16.428608000
2020-03-09 12:20:42.571392,380,UNLOCKED,182 days 11:39:16.428608000
2020-03-20 12:08:12.571392,381,DISABLED,171 days 11:51:46.428608000
2020-03-25 09:35:57.571392,382,DISABLED,166 days 14:24:01.428608000
2020-03-16 12:06:12.571392,383,DISABLED,175 days 11:53:46.428608000
2020-03-10 02:04:09.571392,384,UNLOCKED,181 days 21:55:49.428608000
2020-02-25 05:49:05.571392,385,UNLOCKED,195 days 18:10:53.428608000
2020-03-17 09:47:49.571392,386,DISABLED,174 days 14:12:09.428608000
2020-03-07 18:58:08.571392,387,DISABLED,184 days 05:01:50.428608000
2020-03-11 08:08:03.571392,388,DISABLED,180 days 15:51:55.428608000
2020-03-02 03:36:36.571392,389,UNLOCKED,189 days 20:23:22.428608000
2020-03-06 16:08:40.571392,390,UNLOCKED,185 days 07:51:18.428608000
2020-03-07 19:42:28.571392,391,UNLOCKED,184 days 04:17:30.428608000
2020-03-24 13:29:32.571392,392,DISABLED,167 days 10:30:26.428608000
2020-03-11 02:54:50.571392,393,DISABLED,180 days 21:05:08.428608000
2020-03-09 17:29:56.571392,394,DISABLED,182 days 06:30:02.428608000
2020-03-16 10:35:47.571392,395,DISABLED,175 days 13:24:11.428608000
2020-03-08 04:38:41.571392,396,DISABLED,183 days 19:21:17.428608000
2020-03-08 10:44:41.571392,397,UNLOCKED,183 days 13:15:17.428608000
2020-03-27 11:10:55.571392,398,DISABLED,164 days 12:49:03.428608000
2020-03-07 14:32:32.571392,399,DISABLED,184 days 09:27:26.428608000
2020-03-11 11:48:30.571392,400,DISABLED,180 days 12:11:28.428608000
2020-03-07 20:52:55.571392,401,UNLOCKED,184 days 03:07:03.428608000
2020-03-18 01:43:22.571392,402,DISABLED,173 days 22:16:36.428608000
2020-03-14 12:24:10.571392,403,DISABLED,177 days 11:35:48.428608000
2020-03-15 22:09:58.571392,404,DISABLED,176 days 01:50:00.428608000
2020-03-08 03:26:03.571392,405,UNLOCKED,183 days 20:33:55.428608000
2020-04-04 23:06:17.571392,406,DISABLED,156 days 00:53:41.428608000
2020-03-11 01:37:42.571392,407,UNLOCKED,180 days 22:22:16.428608000
2020-03-16 01:29:19.571392,408,DISABLED,175 days 22:30:39.428608000
2020-03-14 02:23:06.571392,409,DISABLED,177 days 21:36:52.428608000
2020-03-12 17:56:15.571392,410,DISABLED,179 days 06:03:43.428608000
2020-03-08 20:05:12.571392,411,UNLOCKED,183 days 03:54:46.428608000
2020-03-23 12:40:12.571392,412,DISABLED,168 days 11:19:46.428608000
2020-03-09 07:15:08.571392,413,DISABLED,182 days 16:44:50.428608000
2020-03-04 12:43:01.571392,414,UNLOCKED,187 days 11:16:57.428608000
2020-03-27 11:41:24.571392,415,DISABLED,164 days 12:18:34.428608000
2020-03-14 12:21:05.571392,416,DISABLED,177 days 11:38:53.428608000
2020-03-24 15:55:31.571392,417,DISABLED,167 days 08:04:27.428608000
2020-03-29 02:22:50.571392,418,DISABLED,162 days 21:37:08.428608000
2020-03-16 20:17:39.571392,419,DISABLED,175 days 03:42:19.428608000
2020-03-08 12:14:50.571392,420,UNLOCKED,183 days 11:45:08.428608000
2020-03-06 17:06:13.571392,421,UNLOCKED,185 days 06:53:45.428608000
2020-03-27 00:02:16.571392,422,DISABLED,164 days 23:57:42.428608000
2020-03-03 06:06:11.571392,423,UNLOCKED,188 days 17:53:47.428608000
2020-03-08 04:49:13.571392,424,UNLOCKED,183 days 19:10:45.428608000
2020-03-13 17:30:37.571392,425,DISABLED,178 days 06:29:21.428608000
2020-03-10 03:17:29.571392,426,DISABLED,181 days 20:42:29.428608000
2020-03-23 20:15:05.571392,427,DISABLED,168 days 03:44:53.428608000
2020-03-18 14:46:59.571392,428,DISABLED,173 days 09:12:59.428608000
2020-03-14 23:32:42.571392,429,DISABLED,177 days 00:27:16.428608000
2020-02-28 20:00:09.571392,430,UNLOCKED,192 days 03:59:49.428608000
2020-02-21 19:59:52.571392,431,UNLOCKED,199 days 04:00:06.428608000
2020-03-18 01:06:11.571392,432,DISABLED,173 days 22:53:47.428608000
2020-03-08 12:12:52.571392,433,UNLOCKED,183 days 11:47:06.428608000
2020-03-09 23:23:36.571392,434,UNLOCKED,182 days 00:36:22.428608000
2020-02-24 00:00:49.571392,435,UNLOCKED,196 days 23:59:09.428608000
2020-03-13 04:14:02.571392,436,DISABLED,178 days 19:45:56.428608000
2020-03-24 06:39:38.571392,437,DISABLED,167 days 17:20:20.428608000
2020-03-13 10:34:32.571392,438,DISABLED,178 days 13:25:26.428608000
2020-03-15 06:48:47.571392,439,DISABLED,176 days 17:11:11.428608000
2020-03-17 10:23:30.571392,440,DISABLED,174 days 13:36:28.428608000
2020-03-25 21:21:50.571392,441,DISABLED,166 days 02:38:08.428608000
2020-03-10 00:26:05.571392,442,DISABLED,181 days 23:33:53.428608000
2020-03-09 08:00:59.571392,443,DISABLED,182 days 15:58:59.428608000
2020-03-14 22:36:29.571392,444,DISABLED,177 days 01:23:29.428608000
2020-03-15 10:05:52.571392,445,DISABLED,176 days 13:54:06.428608000
2020-03-11 17:04:14.571392,446,DISABLED,180 days 06:55:44.428608000
2020-02-24 19:01:15.571392,447,UNLOCKED,196 days 04:58:43.428608000
2020-03-08 00:59:12.571392,448,DISABLED,183 days 23:00:46.428608000
2020-03-08 23:22:09.571392,449,DISABLED,183 days 00:37:49.428608000
2020-03-02 03:39:05.571392,450,DISABLED,189 days 20:20:53.428608000
2020-03-11 21:53:51.571392,451,DISABLED,180 days 02:06:07.428608000
2020-03-10 16:31:14.571392,452,UNLOCKED,181 days 07:28:44.428608000
2020-03-02 00:37:39.571392,453,UNLOCKED,189 days 23:22:19.428608000
2020-03-06 14:21:32.571392,454,UNLOCKED,185 days 09:38:26.428608000
2020-03-18 05:31:04.571392,455,DISABLED,173 days 18:28:54.428608000
2020-02-29 13:43:00.571392,456,UNLOCKED,191 days 10:16:58.428608000
2020-03-10 02:29:55.571392,457,DISABLED,181 days 21:30:03.428608000
2020-03-07 01:36:10.571392,458,UNLOCKED,184 days 22:23:48.428608000
2020-03-26 11:24:05.571392,459,DISABLED,165 days 12:35:53.428608000
2020-03-12 08:29:04.571392,460,UNLOCKED,179 days 15:30:54.428608000
2020-03-22 17:17:13.571392,461,DISABLED,169 days 06:42:45.428608000
2020-03-10 13:58:17.571392,462,UNLOCKED,181 days 10:01:41.428608000
2020-03-15 22:40:39.571392,463,DISABLED,176 days 01:19:19.428608000
2020-03-25 12:13:44.571392,464,DISABLED,166 days 11:46:14.428608000
2020-03-15 04:43:10.571392,465,DISABLED,176 days 19:16:48.428608000
2020-03-22 06:16:02.571392,466,DISABLED,169 days 17:43:56.428608000
2020-03-06 15:38:47.571392,467,UNLOCKED,185 days 08:21:11.428608000
2020-03-25 15:09:47.571392,468,DISABLED,166 days 08:50:11.428608000
2020-03-10 06:46:46.571392,469,DISABLED,181 days 17:13:12.428608000
2020-03-30 07:47:24.571392,470,DISABLED,161 days 16:12:34.428608000
2020-03-11 10:33:13.571392,471,DISABLED,180 days 13:26:45.428608000
2020-03-12 17:54:26.571392,472,DISABLED,179 days 06:05:32.428608000
2020-03-08 13:48:14.571392,473,DISABLED,183 days 10:11:44.428608000
2020-03-04 04:35:29.571392,474,UNLOCKED,187 days 19:24:29.428608000
2020-03-22 06:21:23.571392,475,DISABLED,169 days 17:38:35.428608000
2020-03-09 15:50:50.571392,476,UNLOCKED,182 days 08:09:08.428608000
2020-03-15 22:48:27.571392,477,DISABLED,176 days 01:11:31.428608000
2020-03-06 09:15:02.571392,478,UNLOCKED,185 days 14:44:56.428608000
2020-03-10 15:24:28.571392,479,UNLOCKED,181 days 08:35:30.428608000
2020-03-11 00:54:12.571392,480,DISABLED,180 days 23:05:46.428608000
2020-03-11 02:05:54.571392,481,DISABLED,180 days 21:54:04.428608000
2020-03-22 05:29:19.571392,482,DISABLED,169 days 18:30:39.428608000
2020-03-24 07:49:36.571392,483,DISABLED,167 days 16:10:22.428608000
2020-03-22 04:16:44.571392,484,DISABLED,169 days 19:43:14.428608000
2020-03-04 15:38:39.571392,485,UNLOCKED,187 days 08:21:19.428608000
2020-03-08 08:36:57.571392,486,UNLOCKED,183 days 15:23:01.428608000
2020-03-08 20:48:04.571392,487,DISABLED,183 days 03:11:54.428608000
2020-03-19 21:24:50.571392,488,DISABLED,172 days 02:35:08.428608000
2020-03-06 00:49:02.571392,489,DISABLED,185 days 23:10:56.428608000
2020-03-22 03:33:35.571392,490,DISABLED,169 days 20:26:23.428608000
2020-03-10 05:22:17.571392,491,DISABLED,181 days 18:37:41.428608000
2020-03-27 14:54:18.571392,492,DISABLED,164 days 09:05:40.428608000
2020-03-22 10:08:24.571392,493,DISABLED,169 days 13:51:34.428608000
2020-03-19 11:09:57.571392,494,DISABLED,172 days 12:50:01.428608000
2020-03-05 13:22:22.571392,495,UNLOCKED,186 days 10:37:36.428608000
2020-03-09 14:44:08.571392,496,DISABLED,182 days 09:15:50.428608000
2020-03-12 12:56:29.571392,497,DISABLED,179 days 11:03:29.428608000
2020-03-17 10:33:22.571392,498,DISABLED,174 days 13:26:36.428608000
2020-02-27 07:24:45.571392,499,UNLOCKED,193 days 16:35:13.428608000
2020-03-13 02:30:52.571392,500,DISABLED,178 days 21:29:06.428608000
2020-03-12 05:02:53.571392,501,DISABLED,179 days 18:57:05.428608000
2020-03-12 01:39:54.571392,502,DISABLED,179 days 22:20:04.428608000
2020-03-08 08:30:34.571392,503,UNLOCKED,183 days 15:29:24.428608000
2020-03-13 13:30:25.571392,504,DISABLED,178 days 10:29:33.428608000
2020-02-24 20:19:17.571392,505,DISABLED,196 days 03:40:41.428608000
2020-03-15 06:39:21.571392,506,DISABLED,176 days 17:20:37.428608000
2020-02-29 17:32:25.571392,507,UNLOCKED,191 days 06:27:33.428608000
2020-01-31 14:59:20.571392,508,DISABLED,220 days 09:00:38.428608000
2020-03-03 22:23:50.571392,509,UNLOCKED,188 days 01:36:08.428608000
2020-03-12 01:43:58.571392,510,DISABLED,179 days 22:16:00.428608000
2020-03-04 17:54:57.571392,511,UNLOCKED,187 days 06:05:01.428608000
2020-03-15 21:35:57.571392,512,DISABLED,176 days 02:24:01.428608000
2020-03-04 01:14:42.571392,513,UNLOCKED,187 days 22:45:16.428608000
2020-03-01 09:15:10.571392,514,UNLOCKED,190 days 14:44:48.428608000
2020-03-05 02:13:05.571392,515,UNLOCKED,186 days 21:46:53.428608000
2020-02-17 15:53:40.571392,516,DISABLED,203 days 08:06:18.428608000
2020-03-04 21:34:36.571392,517,UNLOCKED,187 days 02:25:22.428608000
2020-02-26 17:57:02.571392,518,UNLOCKED,194 days 06:02:56.428608000
2020-02-28 19:46:12.571392,519,UNLOCKED,192 days 04:13:46.428608000
2020-03-11 10:43:04.571392,520,DISABLED,180 days 13:16:54.428608000
2020-03-19 12:21:42.571392,521,DISABLED,172 days 11:38:16.428608000
2020-03-02 23:54:00.571392,522,UNLOCKED,189 days 00:05:58.428608000
2020-03-12 05:57:26.571392,523,DISABLED,179 days 18:02:32.428608000
2020-03-05 12:09:13.571392,524,UNLOCKED,186 days 11:50:45.428608000
2020-02-29 13:20:45.571392,525,UNLOCKED,191 days 10:39:13.428608000
2020-03-12 19:29:28.571392,526,DISABLED,179 days 04:30:30.428608000
2020-03-12 22:07:57.275577,527,WRITTEN_OFF,179 days 01:52:01.724423000
2020-03-15 14:32:21.571392,528,DISABLED,176 days 09:27:37.428608000
2020-03-03 13:42:12.571392,529,UNLOCKED,188 days 10:17:46.428608000
2020-03-17 00:08:44.571392,530,DISABLED,174 days 23:51:14.428608000
2020-02-25 03:35:41.571392,531,UNLOCKED,195 days 20:24:17.428608000
2020-02-24 10:22:12.571392,532,UNLOCKED,196 days 13:37:46.428608000
2020-03-15 01:15:38.571392,533,DISABLED,176 days 22:44:20.428608000
2020-03-15 05:37:24.571392,534,DISABLED,176 days 18:22:34.428608000
2020-02-27 18:05:03.571392,535,UNLOCKED,193 days 05:54:55.428608000
2020-03-15 22:29:14.571392,536,DISABLED,176 days 01:30:44.428608000
2020-03-14 01:16:33.571392,537,DISABLED,177 days 22:43:25.428608000
2020-03-01 19:39:48.571392,538,UNLOCKED,190 days 04:20:10.428608000
2020-03-10 15:46:44.571392,539,DISABLED,181 days 08:13:14.428608000
2020-03-02 00:02:02.571392,540,UNLOCKED,189 days 23:57:56.428608000
2020-03-14 05:13:44.571392,541,DISABLED,177 days 18:46:14.428608000
2020-02-26 18:34:12.571392,542,UNLOCKED,194 days 05:25:46.428608000
2020-03-11 15:43:43.571392,543,DISABLED,180 days 08:16:15.428608000
2020-03-14 02:03:53.571392,544,DISABLED,177 days 21:56:05.428608000
2020-02-28 03:53:55.571392,545,UNLOCKED,192 days 20:06:03.428608000
2020-03-15 22:09:37.571392,546,DISABLED,176 days 01:50:21.428608000
2020-03-12 22:07:57.308788,547,WRITTEN_OFF,179 days 01:52:01.691212000
2020-03-03 04:52:52.571392,548,UNLOCKED,188 days 19:07:06.428608000
2020-03-13 05:07:45.571392,549,DISABLED,178 days 18:52:13.428608000
2020-03-15 15:04:02.571392,550,DISABLED,176 days 08:55:56.428608000
2020-02-25 05:07:39.571392,551,UNLOCKED,195 days 18:52:19.428608000
2019-12-17 11:02:55.571392,552,DISABLED,265 days 12:57:03.428608000
2020-02-24 13:19:26.571392,553,UNLOCKED,196 days 10:40:32.428608000
2020-02-25 14:01:10.571392,554,UNLOCKED,195 days 09:58:48.428608000
2020-03-15 01:38:44.571392,555,DISABLED,176 days 22:21:14.428608000
2020-03-13 11:45:45.571392,556,DISABLED,178 days 12:14:13.428608000
2020-02-24 00:11:34.571392,557,UNLOCKED,196 days 23:48:24.428608000
2020-03-17 10:32:42.571392,558,DISABLED,174 days 13:27:16.428608000
2020-03-13 13:53:24.571392,559,DISABLED,178 days 10:06:34.428608000
2020-02-20 12:47:01.571392,560,UNLOCKED,200 days 11:12:57.428608000
2020-03-16 10:51:17.571392,561,DISABLED,175 days 13:08:41.428608000
2020-03-20 23:06:17.571392,562,DISABLED,171 days 00:53:41.428608000
2020-03-12 19:49:11.571392,563,DISABLED,179 days 04:10:47.428608000
2020-03-15 09:59:08.571392,564,DISABLED,176 days 14:00:50.428608000
2020-03-09 07:24:16.571392,565,UNLOCKED,182 days 16:35:42.428608000
2020-03-15 19:16:25.571392,566,DISABLED,176 days 04:43:33.428608000
2020-02-25 18:18:41.571392,567,UNLOCKED,195 days 05:41:17.428608000
2019-12-15 17:06:28.571392,568,DISABLED,267 days 06:53:30.428608000
2020-02-26 05:03:58.571392,569,DISABLED,194 days 18:56:00.428608000
2020-03-11 04:50:44.571392,570,DISABLED,180 days 19:09:14.428608000
2020-03-18 12:21:56.571392,571,DISABLED,173 days 11:38:02.428608000
2020-03-12 04:13:57.571392,572,DISABLED,179 days 19:46:01.428608000
2020-03-13 17:45:35.571392,573,DISABLED,178 days 06:14:23.428608000
2020-02-20 20:27:13.116847,574,DISABLED,200 days 03:32:45.883153000
2020-02-29 17:07:53.571392,575,DISABLED,191 days 06:52:05.428608000
2020-02-22 00:40:07.571392,576,UNLOCKED,198 days 23:19:51.428608000
2020-03-15 13:17:52.571392,577,DISABLED,176 days 10:42:06.428608000
2020-03-16 04:27:10.571392,578,DISABLED,175 days 19:32:48.428608000
2020-02-22 23:17:44.571392,579,UNLOCKED,198 days 00:42:14.428608000
2020-03-17 13:05:54.571392,580,DISABLED,174 days 10:54:04.428608000
2020-03-12 01:19:35.571392,581,UNLOCKED,179 days 22:40:23.428608000
2020-03-14 17:42:45.571392,582,DISABLED,177 days 06:17:13.428608000
2020-03-13 22:21:02.571392,583,DISABLED,178 days 01:38:56.428608000
2020-03-17 13:49:55.571392,584,DISABLED,174 days 10:10:03.428608000
2020-03-05 08:07:15.466129,585,DISABLED,186 days 15:52:43.533871000
2020-01-28 00:48:07.571392,586,DISABLED,223 days 23:11:51.428608000
2020-03-12 19:53:54.571392,587,DISABLED,179 days 04:06:04.428608000
2020-03-03 07:54:02.571392,588,UNLOCKED,188 days 16:05:56.428608000
2020-02-13 16:23:15.308234,589,DISABLED,207 days 07:36:43.691766000
2020-02-23 17:33:44.571392,590,UNLOCKED,197 days 06:26:14.428608000
2020-03-14 17:32:15.571392,591,DISABLED,177 days 06:27:43.428608000
2020-03-12 15:46:15.571392,592,DISABLED,179 days 08:13:43.428608000
2020-03-08 20:58:09.571392,593,UNLOCKED,183 days 03:01:49.428608000
2020-03-13 01:50:25.571392,594,DISABLED,178 days 22:09:33.428608000
2020-03-17 07:24:02.571392,595,DISABLED,174 days 16:35:56.428608000
2020-03-14 04:32:15.571392,596,DISABLED,177 days 19:27:43.428608000
2020-02-27 00:59:33.571392,597,UNLOCKED,193 days 23:00:25.428608000
2020-02-25 08:00:59.571392,598,DISABLED,195 days 15:58:59.428608000
2020-03-17 00:15:45.571392,599,DISABLED,174 days 23:44:13.428608000
2020-02-24 17:49:32.571392,600,UNLOCKED,196 days 06:10:26.428608000
2020-02-24 14:30:11.571392,601,UNLOCKED,196 days 09:29:47.428608000
2020-02-28 07:59:45.571392,602,UNLOCKED,192 days 16:00:13.428608000
2020-03-11 19:45:54.571392,603,DISABLED,180 days 04:14:04.428608000
2020-03-01 05:51:00.729287,604,DISABLED,190 days 18:08:58.270713000
2020-03-12 02:44:03.571392,605,DISABLED,179 days 21:15:55.428608000
2020-03-19 00:01:02.571392,606,DISABLED,172 days 23:58:56.428608000
2020-03-09 04:54:26.571392,607,UNLOCKED,182 days 19:05:32.428608000
2020-03-04 20:03:08.571392,608,UNLOCKED,187 days 03:56:50.428608000
2020-03-03 09:03:14.571392,609,DISABLED,188 days 14:56:44.428608000
2020-03-11 19:49:49.571392,610,DISABLED,180 days 04:10:09.428608000
2020-03-11 08:44:26.571392,611,DISABLED,180 days 15:15:32.428608000
2020-03-01 11:45:47.571392,612,UNLOCKED,190 days 12:14:11.428608000
2020-01-21 10:42:03.571392,613,DISABLED,230 days 13:17:55.428608000
2020-02-29 15:07:41.571392,614,UNLOCKED,191 days 08:52:17.428608000
2020-03-10 19:57:10.571392,615,DISABLED,181 days 04:02:48.428608000
2020-03-17 22:39:58.571392,616,DISABLED,174 days 01:20:00.428608000
2020-03-02 12:23:24.571392,617,UNLOCKED,189 days 11:36:34.428608000
2020-04-04 04:48:59.571392,618,DISABLED,156 days 19:10:59.428608000
2020-02-28 18:43:17.571392,619,UNLOCKED,192 days 05:16:41.428608000
2020-02-14 09:49:57.571392,620,DISABLED,206 days 14:10:01.428608000
2020-03-16 04:51:03.571392,621,DISABLED,175 days 19:08:55.428608000
2020-03-15 18:20:38.571392,622,DISABLED,176 days 05:39:20.428608000
2020-02-29 19:25:18.571392,623,UNLOCKED,191 days 04:34:40.428608000
2020-02-25 11:43:54.571392,624,UNLOCKED,195 days 12:16:04.428608000
2020-03-16 19:17:19.571392,625,DISABLED,175 days 04:42:39.428608000
2020-03-14 20:37:57.571392,626,DISABLED,177 days 03:22:01.428608000
2020-02-20 13:33:09.571392,627,UNLOCKED,200 days 10:26:49.428608000
2020-02-27 00:50:33.571392,628,UNLOCKED,193 days 23:09:25.428608000
2020-02-29 23:06:51.571392,629,UNLOCKED,191 days 00:53:07.428608000
2020-03-17 09:24:20.571392,630,DISABLED,174 days 14:35:38.428608000
2020-03-01 15:46:49.571392,631,UNLOCKED,190 days 08:13:09.428608000
2020-03-16 12:34:32.571392,632,DISABLED,175 days 11:25:26.428608000
2020-03-11 23:56:15.571392,633,DISABLED,180 days 00:03:43.428608000
2020-03-18 07:38:20.571392,634,DISABLED,173 days 16:21:38.428608000
2019-12-25 03:15:52.571392,635,DISABLED,257 days 20:44:06.428608000
2020-03-13 00:28:52.571392,636,DISABLED,178 days 23:31:06.428608000
2020-02-08 10:17:21.571392,637,DISABLED,212 days 13:42:37.428608000
2020-03-12 22:07:57.345304,638,WRITTEN_OFF,179 days 01:52:01.654696000
2020-01-23 20:42:05.571392,639,DISABLED,228 days 03:17:53.428608000
2020-03-16 21:36:45.571392,640,DISABLED,175 days 02:23:13.428608000
2020-03-14 18:30:57.571392,641,DISABLED,177 days 05:29:01.428608000
2020-02-28 01:38:33.571392,642,UNLOCKED,192 days 22:21:25.428608000
2020-03-11 19:06:25.571392,643,DISABLED,180 days 04:53:33.428608000
2020-03-16 11:53:39.571392,644,DISABLED,175 days 12:06:19.428608000
2020-02-29 17:25:50.571392,645,UNLOCKED,191 days 06:34:08.428608000
2020-03-01 19:25:38.571392,646,UNLOCKED,190 days 04:34:20.428608000
2020-03-16 22:05:44.571392,647,DISABLED,175 days 01:54:14.428608000
2020-03-12 23:25:33.571392,648,DISABLED,179 days 00:34:25.428608000
2020-02-27 08:28:05.571392,649,UNLOCKED,193 days 15:31:53.428608000
2020-02-25 02:39:55.571392,650,UNLOCKED,195 days 21:20:03.428608000
2020-03-08 12:47:32.571392,651,UNLOCKED,183 days 11:12:26.428608000
2020-02-22 00:53:12.571392,652,UNLOCKED,198 days 23:06:46.428608000
2020-02-22 20:20:00.571392,653,UNLOCKED,198 days 03:39:58.428608000
2020-03-12 14:49:33.571392,654,DISABLED,179 days 09:10:25.428608000
2020-03-16 03:32:40.571392,655,DISABLED,175 days 20:27:18.428608000
2020-02-09 10:37:06.771392,656,DISABLED,211 days 13:22:52.228608000
2020-02-25 14:04:07.571392,657,UNLOCKED,195 days 09:55:51.428608000
2020-03-13 23:42:13.571392,658,DISABLED,178 days 00:17:45.428608000
2020-03-13 22:29:24.571392,659,DISABLED,178 days 01:30:34.428608000
2020-03-11 13:13:00.571392,660,DISABLED,180 days 10:46:58.428608000
2020-02-24 10:49:14.571392,661,UNLOCKED,196 days 13:10:44.428608000
2020-03-12 15:39:28.571392,662,DISABLED,179 days 08:20:30.428608000
2020-03-14 11:40:12.571392,663,DISABLED,177 days 12:19:46.428608000
2020-03-03 17:27:37.571392,664,UNLOCKED,188 days 06:32:21.428608000
2020-03-17 23:23:26.571392,665,DISABLED,174 days 00:36:32.428608000
2020-02-29 19:13:41.571392,666,UNLOCKED,191 days 04:46:17.428608000
2020-03-15 17:08:33.571392,667,DISABLED,176 days 06:51:25.428608000
2020-02-29 13:59:42.571392,668,UNLOCKED,191 days 10:00:16.428608000
2020-03-04 01:01:24.571392,669,DISABLED,187 days 22:58:34.428608000
2020-03-26 21:00:46.571392,670,DISABLED,165 days 02:59:12.428608000
2020-03-13 18:18:54.571392,671,DISABLED,178 days 05:41:04.428608000
2020-03-08 20:19:17.571392,672,DISABLED,183 days 03:40:41.428608000
2020-03-10 20:09:28.571392,673,DISABLED,181 days 03:50:30.428608000
2020-02-29 21:48:51.571392,674,UNLOCKED,191 days 02:11:07.428608000
2020-03-22 01:38:40.571392,675,DISABLED,169 days 22:21:18.428608000
2020-03-16 12:03:52.571392,676,DISABLED,175 days 11:56:06.428608000
2020-03-28 04:44:25.571392,677,DISABLED,163 days 19:15:33.428608000
2020-03-10 11:14:31.571392,678,DISABLED,181 days 12:45:27.428608000
2020-03-09 08:18:57.571392,679,UNLOCKED,182 days 15:41:01.428608000
2020-04-02 03:48:00.571392,680,DISABLED,158 days 20:11:58.428608000
2020-03-17 05:03:58.571392,681,DISABLED,174 days 18:56:00.428608000
2020-03-06 03:58:03.571392,682,UNLOCKED,185 days 20:01:55.428608000
2020-03-09 01:32:06.571392,683,DISABLED,182 days 22:27:52.428608000
2020-02-23 21:16:53.571392,684,UNLOCKED,197 days 02:43:05.428608000
2020-03-06 07:01:58.571392,685,DISABLED,185 days 16:58:00.428608000
2020-03-07 15:21:15.571392,686,DISABLED,184 days 08:38:43.428608000
2020-03-07 09:06:14.571392,687,UNLOCKED,184 days 14:53:44.428608000
2020-03-17 12:57:55.571392,688,DISABLED,174 days 11:02:03.428608000
2020-03-22 11:53:39.571392,689,DISABLED,169 days 12:06:19.428608000
2020-03-11 02:54:21.571392,690,UNLOCKED,180 days 21:05:37.428608000
2020-03-09 11:01:59.571392,691,UNLOCKED,182 days 12:57:59.428608000
2020-02-19 04:32:44.571392,692,UNLOCKED,201 days 19:27:14.428608000
2020-03-30 22:02:47.571392,693,DISABLED,161 days 01:57:11.428608000
2020-03-29 20:00:37.571392,694,DISABLED,162 days 03:59:21.428608000
2020-03-23 23:33:26.571392,695,DISABLED,168 days 00:26:32.428608000
2020-02-28 02:57:25.571392,696,UNLOCKED,192 days 21:02:33.428608000
2020-03-11 22:33:25.571392,697,UNLOCKED,180 days 01:26:33.428608000
2020-03-21 10:32:19.571392,698,DISABLED,170 days 13:27:39.428608000
2020-03-15 02:04:01.571392,699,DISABLED,176 days 21:55:57.428608000
2020-03-17 15:41:10.571392,700,DISABLED,174 days 08:18:48.428608000
2020-03-10 16:55:23.571392,701,DISABLED,181 days 07:04:35.428608000
2020-03-11 09:44:10.571392,702,DISABLED,180 days 14:15:48.428608000
2020-03-30 21:45:57.571392,703,DISABLED,161 days 02:14:01.428608000
2020-03-16 09:20:28.571392,704,DISABLED,175 days 14:39:30.428608000
2020-03-19 23:37:54.571392,705,DISABLED,172 days 00:22:04.428608000
2020-03-06 00:48:18.571392,706,UNLOCKED,185 days 23:11:40.428608000
2020-03-16 08:55:32.571392,707,DISABLED,175 days 15:04:26.428608000
2020-03-17 09:06:04.571392,708,DISABLED,174 days 14:53:54.428608000
2020-03-15 02:17:32.571392,709,DISABLED,176 days 21:42:26.428608000
2020-03-18 05:38:20.571392,710,DISABLED,173 days 18:21:38.428608000
2020-02-26 10:25:45.571392,711,UNLOCKED,194 days 13:34:13.428608000
2020-03-21 18:10:54.571392,712,DISABLED,170 days 05:49:04.428608000
2020-03-18 22:37:43.571392,713,DISABLED,173 days 01:22:15.428608000
2020-03-22 08:02:20.032930,714,DISABLED,169 days 15:57:38.967070000
2020-03-08 20:17:08.571392,715,UNLOCKED,183 days 03:42:50.428608000
2020-03-19 11:54:36.571392,716,DISABLED,172 days 12:05:22.428608000
2020-03-14 09:01:22.571392,717,DISABLED,177 days 14:58:36.428608000
2020-03-22 06:16:34.571392,718,DISABLED,169 days 17:43:24.428608000
2020-02-24 18:59:51.571392,719,UNLOCKED,196 days 05:00:07.428608000
2020-03-08 21:55:55.571392,720,UNLOCKED,183 days 02:04:03.428608000
2020-03-08 23:25:47.571392,721,DISABLED,183 days 00:34:11.428608000
2020-03-08 19:50:04.571392,722,DISABLED,183 days 04:09:54.428608000
2020-03-18 10:40:04.571392,723,DISABLED,173 days 13:19:54.428608000
2020-02-20 21:04:00.571392,724,UNLOCKED,200 days 02:55:58.428608000
2020-03-16 05:15:03.571392,725,DISABLED,175 days 18:44:55.428608000
2020-03-19 17:37:07.340623,726,DISABLED,172 days 06:22:51.659377000
2020-02-26 18:50:26.571392,727,UNLOCKED,194 days 05:09:32.428608000
2020-04-04 15:43:30.571392,728,DISABLED,156 days 08:16:28.428608000
2020-03-10 07:39:08.571392,729,UNLOCKED,181 days 16:20:50.428608000
2020-03-15 02:59:33.571392,730,DISABLED,176 days 21:00:25.428608000
2020-03-12 12:13:29.571392,731,DISABLED,179 days 11:46:29.428608000
2020-03-21 05:28:54.571392,732,DISABLED,170 days 18:31:04.428608000
2020-02-21 09:25:38.571392,733,UNLOCKED,199 days 14:34:20.428608000
2020-03-17 03:43:22.571392,734,DISABLED,174 days 20:16:36.428608000
2020-03-01 21:46:21.571392,735,UNLOCKED,190 days 02:13:37.428608000
2020-03-12 21:01:10.571392,736,DISABLED,179 days 02:58:48.428608000
2020-03-07 00:15:57.571392,737,UNLOCKED,184 days 23:44:01.428608000
2020-03-08 13:45:57.571392,738,DISABLED,183 days 10:14:01.428608000
2020-02-28 04:11:12.571392,739,UNLOCKED,192 days 19:48:46.428608000
2020-03-25 13:30:30.571392,740,DISABLED,166 days 10:29:28.428608000
2020-03-13 13:14:52.571392,741,DISABLED,178 days 10:45:06.428608000
2020-03-15 21:53:41.571392,742,DISABLED,176 days 02:06:17.428608000
2020-03-21 16:10:13.571392,743,DISABLED,170 days 07:49:45.428608000
2020-03-31 15:20:07.571392,744,DISABLED,160 days 08:39:51.428608000
2020-03-12 22:07:30.571392,745,DISABLED,179 days 01:52:28.428608000
2020-03-21 09:23:18.571392,746,DISABLED,170 days 14:36:40.428608000
2020-02-21 02:10:53.571392,747,UNLOCKED,199 days 21:49:05.428608000
2020-03-03 10:28:26.571392,748,DISABLED,188 days 13:31:32.428608000
2020-03-11 13:53:17.571392,749,DISABLED,180 days 10:06:41.428608000
2020-03-12 19:07:33.571392,750,DISABLED,179 days 04:52:25.428608000
2020-03-11 09:42:01.571392,751,UNLOCKED,180 days 14:17:57.428608000
2020-03-12 09:48:11.571392,752,DISABLED,179 days 14:11:47.428608000
2020-03-15 20:31:17.571392,753,DISABLED,176 days 03:28:41.428608000
2020-03-10 09:43:21.571392,754,UNLOCKED,181 days 14:16:37.428608000
2020-03-01 07:12:13.571392,755,UNLOCKED,190 days 16:47:45.428608000
2020-02-27 14:42:27.571392,756,UNLOCKED,193 days 09:17:31.428608000
2020-03-10 22:23:38.571392,757,DISABLED,181 days 01:36:20.428608000
2020-03-08 16:43:58.571392,758,UNLOCKED,183 days 07:16:00.428608000
2020-02-23 23:24:05.571392,759,UNLOCKED,197 days 00:35:53.428608000
2020-03-05 17:48:27.571392,760,UNLOCKED,186 days 06:11:31.428608000
2020-03-12 06:04:30.571392,761,DISABLED,179 days 17:55:28.428608000
2020-03-14 22:51:04.571392,762,DISABLED,177 days 01:08:54.428608000
2020-03-16 07:53:01.571392,763,DISABLED,175 days 16:06:57.428608000
2020-03-15 08:25:22.571392,764,DISABLED,176 days 15:34:36.428608000
2020-03-11 02:10:51.571392,765,DISABLED,180 days 21:49:07.428608000
2020-03-15 17:46:10.571392,766,DISABLED,176 days 06:13:48.428608000
2020-03-05 05:11:54.571392,767,UNLOCKED,186 days 18:48:04.428608000
2020-03-12 13:40:19.571392,768,DISABLED,179 days 10:19:39.428608000
2020-03-15 01:51:08.571392,769,DISABLED,176 days 22:08:50.428608000
2020-03-17 15:26:44.571392,770,DISABLED,174 days 08:33:14.428608000
2020-03-01 20:07:25.571392,771,UNLOCKED,190 days 03:52:33.428608000
2020-03-15 12:07:30.571392,772,DISABLED,176 days 11:52:28.428608000
