id,group_id,organization_id,registration_date,is_written_off,is_unlocked
2,1,10001,2019-11-06 05:49:39.571392,false,true
3,1,10001,2019-11-14 14:57:02.571392,false,false
4,1,10001,2019-12-11 03:18:53.571392,false,true
5,1,10001,2019-10-31 22:36:23.571392,false,false
6,1,10001,2019-09-29 13:04:45.571392,false,true
9,1,10001,2019-10-10 12:49:10.571392,false,true
10,1,10001,2019-12-15 03:38:31.571392,false,true
11,1,10001,2019-09-22 00:50:52.571392,false,true
12,2,10001,2019-10-03 09:22:40.571392,false,true
14,2,10001,2019-07-14 10:38:51.571392,false,true
16,2,10001,2019-06-27 01:35:05.571392,false,true
18,2,10001,2019-10-03 09:21:49.571392,false,true
20,2,10001,2019-08-30 15:34:24.571392,false,false
21,2,10001,2019-07-11 20:56:40.571392,false,true
22,2,10001,2019-07-31 12:02:15.571392,false,true
23,3,10001,2019-06-06 06:00:35.571392,false,false
25,3,10001,2019-09-05 07:52:56.571392,false,false
26,3,10001,2019-09-23 12:32:10.571392,false,false
27,3,10001,2019-05-24 22:38:31.571392,false,true
29,3,10001,2019-07-06 04:27:38.571392,false,true
30,3,10001,2019-07-18 00:41:09.571392,false,false
34,4,10001,2019-08-13 00:41:58.571392,false,true
35,4,10001,2019-08-01 04:37:04.571392,false,false
36,4,10001,2019-08-21 09:19:16.571392,false,false
38,4,10001,2019-07-17 04:34:49.571392,false,false
39,4,10001,2019-08-21 13:19:00.571392,false,false
40,4,10001,2019-09-08 23:31:56.571392,false,false
42,4,10001,2019-10-06 17:17:54.571392,false,false
43,4,10001,2020-01-25 04:04:19.571392,false,false
44,4,10001,2019-10-03 21:06:29.571392,false,false
45,5,10001,2020-01-14 14:44:25.571392,false,false
46,5,10001,2020-02-10 04:02:38.571392,false,true
47,5,10001,2019-12-29 12:55:53.571392,false,true
48,5,10001,2019-12-22 11:09:23.571392,false,true
49,5,10001,2019-12-24 13:15:06.571392,false,true
51,5,10001,2019-12-30 15:37:01.571392,false,true
53,5,10001,2019-12-25 21:32:40.571392,false,false
54,5,10001,2020-01-12 18:39:30.571392,false,false
56,6,10001,2019-06-26 06:25:39.571392,false,true
57,6,10001,2020-01-24 08:20:22.571392,false,false
58,6,10001,2019-11-16 05:33:15.571392,false,false
59,6,10001,2019-11-03 05:39:13.571392,false,true
60,6,10001,2019-08-20 00:13:31.571392,false,false
61,6,10001,2019-06-15 03:48:17.571392,false,true
62,6,10001,2019-06-09 06:39:29.571392,false,true
64,6,10001,2019-11-15 14:41:41.571392,false,true
65,6,10001,2019-08-29 07:09:16.571392,false,true
70,7,10001,2019-12-06 03:01:43.571392,false,false
71,7,10001,2019-10-25 21:01:22.571392,false,false
72,7,10001,2019-10-29 03:51:56.571392,false,false
74,7,10001,2020-01-25 16:36:10.571392,false,true
75,7,10001,2019-11-24 04:58:52.571392,false,true
76,7,10001,2019-10-20 06:58:09.571392,false,true
79,7,10001,2019-10-29 17:59:35.571392,false,true
80,7,10001,2019-11-26 08:19:51.571392,false,true
81,7,10001,2019-12-20 16:20:48.571392,false,false
82,7,10001,2019-11-26 22:07:52.571392,false,true
83,7,10001,2020-01-26 22:45:15.571392,false,false
84,7,10001,2020-02-19 19:18:19.571392,false,false
85,7,10001,2019-11-28 06:42:42.571392,false,true
86,7,10001,2019-12-28 19:45:55.571392,false,false
87,7,10001,2019-12-12 22:48:09.571392,false,true
89,8,10001,2019-10-19 08:25:21.571392,false,false
90,8,10001,2019-10-22 23:40:56.571392,false,true
91,8,10001,2020-03-08 12:07:01.571392,false,false
93,8,10001,2019-11-29 00:37:14.571392,false,true
94,8,10001,2019-12-04 21:52:29.571392,false,false
97,8,10001,2019-11-21 18:06:31.571392,false,true
98,8,10001,2019-12-28 22:01:12.571392,false,true
100,8,10001,2019-11-15 06:48:37.571392,false,true
101,8,10001,2019-11-25 04:21:00.571392,false,false
103,8,10001,2019-11-03 08:52:24.571392,false,true
104,8,10001,2019-11-09 10:06:04.571392,false,false
105,8,10001,2019-10-26 16:48:03.571392,false,false
106,8,10001,2020-02-01 04:35:51.571392,false,true
109,9,10001,2019-11-18 08:36:15.571392,false,false
110,9,10001,2019-09-28 05:00:27.571392,false,false
111,9,10001,2019-10-28 22:47:21.571392,false,false
112,9,10001,2019-09-24 16:35:10.571392,false,false
113,9,10001,2019-10-11 10:11:42.571392,false,false
114,9,10001,2019-10-06 18:31:17.571392,false,false
115,9,10001,2019-09-16 06:49:12.571392,false,false
116,9,10001,2019-09-05 01:22:26.571392,false,true
118,9,10001,2020-01-28 10:03:29.571392,false,true
119,9,10001,2019-12-08 12:48:09.571392,false,true
120,10,10001,2019-10-30 21:18:51.571392,false,false
122,10,10001,2019-10-29 08:40:42.571392,false,false
124,10,10001,2019-09-29 02:14:31.571392,false,true
125,10,10001,2019-08-17 05:20:39.571392,false,true
126,10,10001,2019-11-02 22:55:02.571392,false,true
127,10,10001,2019-09-13 22:56:13.571392,false,true
129,10,10001,2019-11-30 03:39:53.571392,false,false
130,10,10001,2019-06-23 04:18:49.571392,false,true
131,11,10001,2019-11-05 16:36:16.571392,false,true
132,11,10001,2019-10-20 08:47:56.571392,false,false
133,11,10001,2019-10-09 18:16:51.571392,false,true
134,11,10001,2019-10-08 04:10:41.571392,false,true
135,11,10001,2019-11-22 21:42:01.571392,false,false
136,11,10001,2019-10-25 17:13:45.571392,false,true
137,11,10001,2019-11-04 22:31:59.571392,false,true
138,11,10001,2019-11-22 01:43:54.571392,false,false
139,11,10001,2019-10-10 04:09:36.571392,false,true
140,11,10001,2019-11-11 05:59:15.571392,false,false
141,11,10001,2020-01-23 17:37:11.571392,false,true
142,12,10001,2019-12-07 19:09:25.571392,false,false
143,12,10001,2019-12-18 00:27:12.571392,false,false
144,12,10001,2019-12-07 23:08:07.571392,false,false
145,12,10001,2020-01-02 06:47:44.571392,false,true
147,12,10001,2019-12-04 06:02:55.571392,false,true
148,12,10001,2020-02-08 10:42:12.571392,false,true
149,12,10001,2020-02-03 20:41:29.571392,false,true
150,12,10001,2020-02-22 11:01:51.571392,false,true
152,12,10001,2019-12-21 13:53:52.571392,false,true
153,12,10001,2020-01-08 04:33:59.571392,false,false
155,12,10001,2019-12-11 16:49:31.571392,false,true
156,12,10001,2020-01-13 00:43:01.571392,false,false
157,12,10001,2019-11-26 09:34:47.571392,false,false
158,12,10001,2019-12-15 11:03:46.571392,false,true
159,12,10001,2020-02-19 16:12:31.571392,false,true
160,12,10001,2020-01-31 15:23:14.571392,false,true
161,12,10001,2020-02-09 14:45:48.571392,false,true
162,12,10001,2019-11-28 22:35:08.571392,false,false
164,13,10001,2020-01-25 08:25:36.571392,false,false
167,13,10001,2019-07-11 20:58:06.571392,false,false
168,13,10001,2019-07-07 20:57:19.571392,false,false
171,13,10001,2019-09-16 11:15:58.571392,false,false
172,13,10001,2019-06-29 09:53:49.571392,false,false
174,13,10001,2019-08-02 16:51:35.571392,false,true
176,13,10001,2019-08-03 06:42:51.571392,false,false
177,13,10001,2019-10-23 06:31:45.571392,false,false
179,13,10001,2019-07-03 16:25:45.571392,false,false
180,13,10001,2019-04-25 01:24:38.571392,false,true
181,13,10001,2019-11-28 13:56:20.571392,false,false
182,13,10001,2019-05-05 07:05:13.571392,false,false
183,13,10001,2019-10-15 12:04:51.571392,false,false
184,14,10001,2019-11-06 16:55:26.571392,false,false
185,14,10001,2019-12-09 14:53:39.571392,false,false
186,14,10001,2019-08-20 13:13:51.571392,false,true
187,14,10001,2019-08-26 04:24:56.571392,false,true
188,14,10001,2019-10-12 16:38:56.571392,false,true
189,14,10001,2019-10-12 15:13:04.571392,false,true
190,14,10001,2019-11-11 07:37:53.571392,false,true
191,14,10001,2019-08-29 23:11:04.571392,false,false
193,14,10001,2019-09-19 04:26:08.571392,false,true
194,14,10001,2019-10-05 17:10:23.571392,false,false
195,15,10001,2019-11-13 12:38:54.571392,false,false
196,15,10001,2019-12-22 11:47:34.571392,false,false
197,15,10001,2019-12-27 20:14:22.571392,false,true
198,15,10001,2019-12-16 16:04:52.571392,false,true
199,15,10001,2019-12-11 21:22:33.571392,false,false
202,15,10001,2019-11-23 01:42:55.571392,false,false
203,15,10001,2019-12-13 05:41:49.571392,false,false
205,15,10001,2019-12-08 13:34:56.571392,false,false
206,16,10001,2019-10-30 08:34:33.571392,false,true
207,16,10001,2019-10-10 16:55:38.571392,false,false
208,16,10001,2019-11-12 11:23:17.571392,false,false
209,16,10001,2019-12-22 03:44:41.571392,false,false
210,16,10001,2019-12-23 15:55:33.571392,false,false
212,16,10001,2019-10-31 06:43:15.571392,false,true
213,16,10001,2019-10-23 09:53:10.571392,false,false
214,16,10001,2019-10-23 07:10:58.571392,false,false
215,16,10001,2020-02-10 19:05:34.571392,false,true
216,16,10001,2019-11-27 22:08:27.571392,false,false
217,16,10001,2019-10-29 10:41:03.571392,false,false
219,16,10001,2019-12-16 09:10:20.571392,false,false
221,16,10001,2020-01-14 00:17:44.571392,false,true
222,16,10001,2019-11-07 06:15:58.571392,false,false
223,16,10001,2019-11-18 17:19:18.571392,false,false
224,16,10001,2019-11-09 04:35:24.571392,false,false
228,17,10001,2019-12-06 12:31:22.571392,false,true
229,17,10001,2019-10-14 21:51:16.571392,false,false
230,17,10001,2020-01-01 22:32:28.571392,false,false
231,17,10001,2019-11-02 23:21:51.571392,false,true
232,17,10001,2019-09-21 13:43:34.571392,false,false
233,17,10001,2019-08-24 19:37:53.571392,false,true
234,17,10001,2019-09-10 05:20:00.571392,false,true
236,17,10001,2019-12-11 22:42:09.571392,false,false
237,17,10001,2019-12-18 14:19:55.571392,false,true
238,17,10001,2019-09-12 23:11:52.571392,false,true
242,17,10001,2019-10-21 09:12:14.571392,false,false
243,17,10001,2019-10-13 07:46:41.571392,false,false
244,17,10001,2019-09-25 21:17:25.571392,false,false
245,17,10001,2019-11-12 16:25:18.571392,false,false
246,17,10001,2019-09-12 16:23:53.571392,false,false
247,17,10001,2019-10-20 01:21:03.571392,false,false
248,18,10001,2019-11-21 23:47:30.571392,false,false
249,18,10001,2020-01-18 12:00:36.571392,false,true
251,18,10001,2019-11-12 14:51:37.571392,false,false
254,18,10001,2020-01-27 02:51:01.571392,false,false
255,18,10001,2020-02-19 07:13:32.571392,false,true
257,18,10001,2019-12-01 01:24:26.571392,false,false
258,18,10001,2020-01-04 20:26:24.571392,false,false
259,18,10001,2019-11-13 03:01:36.571392,false,true
260,18,10001,2019-11-24 16:05:19.571392,false,true
261,18,10001,2019-12-21 14:33:46.571392,false,false
262,18,10001,2020-02-07 19:54:35.571392,false,true
263,18,10001,2019-11-11 09:46:37.571392,false,true
264,18,10001,2019-12-27 11:35:56.571392,false,false
265,18,10001,2019-11-15 17:38:43.571392,false,false
267,18,10001,2019-11-06 10:13:53.571392,false,true
269,19,10001,2019-10-14 23:17:54.571392,false,true
270,19,10001,2019-12-28 19:45:25.571392,false,false
271,19,10001,2019-10-24 09:25:43.571392,false,false
272,19,10001,2019-08-27 04:59:39.571392,false,false
273,19,10001,2019-10-14 03:58:02.571392,false,true
274,19,10001,2019-08-20 19:14:19.571392,false,true
275,19,10001,2019-10-10 01:23:38.571392,false,true
280,19,10001,2019-10-16 06:32:49.571392,false,true
281,19,10001,2020-02-11 13:26:21.571392,false,true
282,19,10001,2019-10-07 04:46:03.571392,false,false
284,19,10001,2019-09-21 04:00:01.571392,false,false
286,19,10001,2019-08-18 19:22:38.571392,false,false
287,19,10001,2019-08-11 06:22:50.571392,false,true
288,19,10001,2019-08-16 08:13:13.571392,false,false
289,19,10001,2019-09-06 03:35:14.571392,false,false
290,20,10001,2019-10-18 13:10:26.571392,false,true
292,20,10001,2019-12-01 06:51:22.571392,false,false
293,20,10001,2019-10-22 18:07:15.571392,false,false
294,20,10001,2019-10-05 05:58:27.571392,false,true
295,20,10001,2019-10-23 20:39:52.571392,false,false
297,20,10001,2019-12-15 17:31:01.571392,false,false
298,20,10001,2019-10-03 05:43:08.571392,false,false
300,20,10001,2019-11-14 07:25:25.571392,false,true
301,21,10001,2019-12-18 17:03:21.571392,false,true
304,21,10001,2019-12-08 19:53:00.571392,false,false
306,21,10001,2019-12-23 04:17:55.571392,false,true
307,21,10001,2019-12-24 20:07:44.571392,false,true
308,21,10001,2019-12-17 21:18:16.571392,false,true
309,21,10001,2019-12-06 20:11:52.571392,false,false
310,21,10001,2019-12-07 05:37:29.571392,false,false
313,22,10001,2020-02-16 10:55:23.571392,false,true
314,22,10001,2020-01-10 19:25:29.571392,false,false
315,22,10001,2019-11-30 11:08:55.571392,false,false
316,22,10001,2020-03-06 12:35:15.571392,false,false
317,22,10001,2019-12-25 23:48:04.571392,false,true
318,22,10001,2019-11-30 15:30:20.571392,false,true
319,22,10001,2019-12-20 07:11:43.571392,false,true
320,22,10001,2020-01-16 00:49:36.571392,false,false
321,22,10001,2020-01-15 08:52:18.571392,false,false
322,22,10001,2019-12-04 11:07:35.571392,false,false
324,23,10001,2019-11-04 11:30:01.571392,false,true
325,23,10001,2019-12-31 23:35:17.571392,false,true
326,23,10001,2020-01-31 23:54:29.571392,false,false
327,23,10001,2020-01-08 21:57:42.571392,false,false
328,23,10001,2019-12-09 01:30:41.571392,false,false
329,23,10001,2019-11-21 14:10:09.571392,false,false
330,23,10001,2019-12-05 16:56:30.571392,false,true
332,23,10001,2019-10-29 15:31:44.571392,false,true
333,23,10001,2019-11-12 20:02:15.571392,false,true
334,23,10001,2019-11-09 12:03:17.571392,false,true
335,23,10001,2019-11-23 06:34:53.571392,false,true
336,23,10001,2020-01-20 14:15:23.571392,false,true
338,23,10001,2020-02-12 04:17:55.571392,false,true
339,23,10001,2019-11-15 09:28:43.571392,false,false
341,23,10001,2020-01-10 10:40:50.571392,false,false
342,23,10001,2019-12-02 00:23:51.571392,false,false
343,23,10001,2019-11-08 03:49:59.571392,false,false
344,24,10001,2020-01-03 21:37:39.571392,false,false
345,24,10001,2020-01-27 16:57:13.571392,false,true
348,24,10001,2020-01-26 17:36:25.571392,false,true
351,24,10001,2020-01-24 09:34:38.571392,false,false
353,24,10001,2020-01-06 21:18:51.571392,false,true
354,24,10001,2020-01-26 17:55:27.571392,false,true
355,25,10001,2019-09-18 06:47:36.571392,false,true
357,25,10001,2019-09-19 16:29:42.571392,false,false
358,25,10001,2019-11-02 11:48:42.571392,false,false
359,25,10001,2019-09-20 06:40:10.571392,false,true
360,25,10001,2019-09-10 22:07:08.571392,false,false
363,25,10001,2019-11-27 06:14:43.571392,false,true
364,25,10001,2019-10-28 12:09:51.571392,false,false
368,25,10001,2019-09-02 05:01:42.571392,false,true
369,25,10001,2019-12-22 13:27:13.571392,false,false
371,25,10001,2019-09-06 01:09:06.571392,false,false
372,25,10001,2019-10-22 12:58:42.571392,false,false
373,25,10001,2019-10-01 20:12:29.571392,false,true
374,25,10001,2019-11-16 20:50:28.571392,false,false
376,26,10001,2020-03-01 01:52:12.571392,false,true
377,26,10001,2020-02-21 04:39:05.571392,false,false
378,26,10001,2020-03-03 21:19:50.571392,false,false
379,26,10001,2020-02-28 23:30:10.571392,false,true
380,26,10001,2020-02-25 14:05:38.571392,false,true
381,26,10001,2020-02-28 12:08:12.571392,false,false
382,26,10001,2020-03-11 09:35:57.571392,false,false
383,26,10001,2020-02-19 22:29:23.571392,false,false
384,26,10001,2020-02-26 23:17:11.571392,false,true
385,26,10001,2020-02-20 04:33:40.571392,false,true
386,26,10001,2020-02-18 15:52:59.571392,false,false
387,26,10001,2020-02-22 18:58:08.571392,false,false
388,26,10001,2020-02-26 08:08:03.571392,false,false
389,26,10001,2020-02-18 20:07:10.571392,false,true
390,26,10001,2020-02-24 15:23:13.571392,false,true
391,26,10001,2020-02-23 19:12:19.571392,false,true
392,26,10001,2020-03-10 13:29:32.571392,false,false
393,26,10001,2020-02-26 02:54:50.571392,false,false
395,26,10001,2020-03-02 10:35:47.571392,false,false
396,26,10001,2020-02-23 04:38:41.571392,false,false
397,26,10001,2020-03-02 09:00:42.571392,false,true
399,26,10001,2020-02-22 14:32:32.571392,false,false
401,26,10001,2020-02-25 12:18:46.571392,false,true
403,26,10001,2020-02-17 05:39:56.571392,false,false
404,26,10001,2020-03-01 22:09:58.571392,false,false
405,26,10001,2020-02-25 00:05:43.571392,false,true
407,26,10001,2020-03-05 18:36:21.571392,false,true
408,26,10001,2020-02-24 01:29:19.571392,false,false
409,26,10001,2020-02-17 17:59:50.571392,false,false
410,26,10001,2020-02-15 17:18:27.571392,false,false
411,26,10001,2020-03-03 18:25:35.571392,false,true
413,26,10001,2020-02-24 07:15:08.571392,false,false
414,26,10001,2020-02-20 21:13:21.571392,false,true
417,27,10001,2020-03-03 15:55:31.571392,false,false
420,27,10001,2020-03-01 17:06:44.571392,false,true
421,27,10001,2020-02-24 14:35:50.571392,false,true
422,27,10001,2020-03-06 00:02:16.571392,false,false
423,27,10001,2020-02-19 05:49:19.571392,false,true
424,27,10001,2020-02-23 19:19:45.571392,false,true
427,27,10001,2020-03-09 20:15:05.571392,false,false
429,27,10001,2020-02-17 10:27:34.571392,false,false
430,27,10001,2020-02-17 00:59:07.571392,false,true
431,27,10001,2020-02-15 17:48:57.571392,false,true
432,27,10001,2020-02-19 05:57:31.571392,false,false
433,27,10001,2020-02-24 05:02:53.571392,false,true
434,27,10001,2020-03-05 12:00:07.571392,false,true
435,27,10001,2020-02-18 17:41:54.571392,false,true
437,27,10001,2020-03-03 06:39:38.571392,false,false
439,27,10001,2020-02-17 23:28:39.571392,false,false
445,27,10001,2020-02-16 19:30:59.571392,false,false
446,27,10001,2020-02-14 22:12:12.571392,false,false
447,27,10001,2020-02-20 05:00:34.571392,false,true
449,27,10001,2020-02-23 23:22:09.571392,false,false
450,27,10001,2020-02-17 03:39:05.571392,false,false
451,27,10001,2020-02-26 21:53:51.571392,false,false
452,27,10001,2020-02-27 02:21:56.571392,false,true
453,27,10001,2020-02-18 04:34:32.571392,false,true
454,27,10001,2020-02-22 10:33:33.571392,false,true
455,27,10001,2020-02-26 05:31:04.571392,false,false
456,27,10001,2020-02-17 07:59:34.571392,false,true
458,28,10001,2020-02-24 10:27:13.571392,false,true
460,28,10001,2020-02-27 11:30:10.571392,false,true
461,28,10001,2020-03-01 17:17:13.571392,false,false
462,28,10001,2020-02-25 16:56:54.571392,false,true
463,28,10001,2020-03-01 22:40:39.571392,false,false
464,28,10001,2020-03-11 12:13:44.571392,false,false
465,28,10001,2020-02-23 04:43:10.571392,false,false
467,28,10001,2020-02-24 08:28:30.571392,false,true
468,28,10001,2020-03-04 15:09:47.571392,false,false
469,28,10001,2020-02-25 06:46:46.571392,false,false
470,28,10001,2020-03-09 07:47:24.571392,false,false
471,28,10001,2020-02-26 10:33:13.571392,false,false
472,28,10001,2020-02-27 17:54:26.571392,false,false
473,28,10001,2020-02-23 13:48:14.571392,false,false
474,28,10001,2020-02-21 17:43:16.571392,false,true
476,28,10001,2020-03-05 11:40:37.571392,false,true
477,28,10001,2020-03-01 22:48:27.571392,false,false
478,28,10001,2020-02-24 01:39:11.571392,false,true
479,28,10001,2020-02-26 14:52:29.571392,false,true
480,28,10001,2020-02-26 00:54:12.571392,false,false
482,28,10001,2020-03-01 05:29:19.571392,false,false
483,28,10001,2020-03-03 07:49:36.571392,false,false
484,28,10001,2020-03-01 04:16:44.571392,false,false
485,28,10001,2020-02-28 19:03:11.571392,false,true
486,28,10001,2020-02-24 22:59:01.571392,false,true
487,28,10001,2020-02-23 20:48:04.571392,false,false
489,28,10001,2020-02-21 00:49:02.571392,false,false
491,28,10001,2020-02-25 05:22:17.571392,false,false
492,28,10001,2020-03-06 14:54:18.571392,false,false
495,28,10001,2020-03-01 00:20:13.571392,false,true
496,28,10001,2020-02-24 14:44:08.571392,false,false
497,28,10001,2020-02-27 12:56:29.571392,false,false
498,28,10001,2020-03-03 10:33:22.571392,false,false
499,29,10001,2019-08-30 04:31:09.571392,false,true
500,29,10001,2019-11-17 08:45:06.571392,false,false
504,29,10001,2019-11-22 19:32:34.571392,false,false
507,29,10001,2019-12-17 10:03:58.571392,false,true
508,29,10001,2019-12-07 23:54:23.571392,false,false
509,29,10001,2020-01-23 02:33:46.571392,false,true
510,29,10001,2019-07-20 21:32:09.571392,false,false
512,29,10001,2019-07-30 00:00:23.571392,false,false
513,29,10001,2019-06-26 09:23:58.571392,false,true
514,29,10001,2019-06-10 03:37:40.571392,false,true
515,29,10001,2019-09-05 04:02:21.571392,false,true
516,29,10001,2019-06-18 19:36:09.571392,false,false
518,29,10001,2019-08-03 11:11:00.571392,false,true
519,29,10001,2019-08-25 21:15:17.571392,false,true
520,30,10001,2019-09-13 01:36:39.571392,false,false
521,30,10001,2019-09-12 18:58:09.571392,false,false
522,30,10001,2019-08-21 04:15:42.571392,false,true
523,30,10001,2019-09-28 00:56:17.571392,false,false
525,30,10001,2019-11-19 08:43:31.571392,false,true
526,30,10001,2019-12-06 04:54:22.571392,false,false
528,30,10001,2019-12-09 17:38:37.571392,false,false
529,30,10001,2019-09-04 16:44:24.571392,false,true
531,31,10001,2019-08-07 06:21:12.571392,false,true
532,31,10001,2019-07-01 22:38:19.571392,false,true
533,31,10001,2019-07-07 04:26:41.571392,false,false
534,31,10001,2019-11-04 21:09:29.571392,false,false
535,31,10001,2019-12-29 15:52:30.571392,false,true
537,31,10001,2020-02-17 05:34:27.571392,false,false
538,31,10001,2019-10-09 08:59:21.571392,false,true
539,31,10001,2019-08-02 00:52:37.571392,false,false
540,31,10001,2019-10-21 13:26:39.571392,false,true
542,31,10001,2019-08-31 00:01:55.571392,false,true
543,31,10001,2019-06-21 01:42:11.571392,false,false
544,31,10001,2019-09-30 18:13:46.571392,false,false
545,31,10001,2019-06-29 01:12:15.571392,false,true
546,31,10001,2019-07-08 15:42:13.571392,false,false
548,31,10001,2019-07-25 07:55:46.571392,false,true
549,31,10001,2019-09-06 05:15:04.571392,false,false
551,31,10001,2019-09-11 04:29:34.571392,false,true
553,32,10001,2019-12-24 17:50:00.571392,false,true
554,32,10001,2019-11-01 11:13:09.571392,false,true
556,32,10001,2019-12-15 19:20:00.571392,false,false
557,32,10001,2019-12-30 23:42:26.571392,false,true
558,32,10001,2019-10-30 19:23:24.571392,false,false
559,32,10001,2019-12-08 10:49:58.571392,false,false
560,32,10001,2019-10-27 08:36:10.571392,false,true
561,32,10001,2019-11-27 17:46:31.571392,false,false
564,32,10001,2019-11-26 22:26:04.571392,false,false
566,32,10001,2019-11-11 11:13:01.571392,false,false
567,32,10001,2020-02-05 09:09:23.571392,false,true
568,32,10001,2019-12-01 17:06:28.571392,false,false
570,32,10001,2019-11-08 12:29:50.571392,false,false
572,32,10001,2019-11-30 20:34:36.571392,false,false
573,33,10001,2020-01-18 20:56:32.571392,false,false
574,33,10001,2019-12-05 00:14:44.571392,false,false
576,33,10001,2019-12-15 12:46:52.571392,false,true
577,33,10001,2020-02-18 02:39:07.571392,false,false
578,33,10001,2019-12-04 16:18:29.571392,false,false
579,33,10001,2020-01-14 21:42:55.571392,false,true
580,33,10001,2019-12-12 18:42:58.571392,false,false
583,33,10001,2019-12-02 19:05:19.571392,false,false
584,34,10001,2020-01-16 09:43:49.571392,false,false
586,34,10001,2020-01-14 00:48:07.571392,false,false
587,34,10001,2019-10-18 06:11:47.571392,false,false
588,34,10001,2019-10-17 11:59:43.571392,false,true
590,34,10001,2019-11-27 05:42:50.571392,false,true
592,34,10001,2019-10-24 22:25:03.571392,false,false
594,34,10001,2020-01-03 11:05:47.571392,false,false
595,34,10001,2019-10-16 02:49:08.571392,false,false
597,34,10001,2019-11-08 01:32:17.571392,false,true
599,34,10001,2019-10-22 15:00:02.571392,false,false
600,34,10001,2019-10-23 09:26:21.571392,false,true
601,34,10001,2019-12-11 17:00:51.571392,false,true
602,34,10001,2019-10-06 09:26:01.571392,false,true
604,34,10001,2019-10-28 05:02:58.571392,false,false
605,35,10001,2019-10-18 14:46:27.571392,false,false
608,35,10001,2019-05-30 11:00:24.571392,false,true
609,35,10001,2019-06-25 19:42:45.571392,false,false
610,35,10001,2019-07-26 04:28:36.571392,false,false
611,35,10001,2020-02-15 04:30:06.571392,false,false
612,35,10001,2019-09-29 13:31:21.571392,false,true
613,35,10001,2019-11-03 08:30:16.571392,false,false
614,35,10001,2019-07-01 23:50:14.571392,false,true
615,35,10001,2019-10-11 05:18:00.571392,false,false
616,35,10001,2019-08-21 09:53:24.571392,false,false
617,35,10001,2019-09-04 13:14:12.571392,false,true
618,35,10001,2020-02-03 17:17:47.571392,false,false
619,35,10001,2019-06-03 03:47:08.571392,false,true
620,35,10001,2020-01-17 09:10:13.571392,false,false
621,35,10001,2019-07-02 05:51:39.571392,false,false
622,35,10001,2019-12-09 16:29:22.571392,false,false
623,35,10001,2019-06-25 10:29:10.571392,false,true
624,35,10001,2019-08-02 11:35:32.571392,false,true
625,35,10001,2019-09-26 10:42:51.571392,false,false
626,36,10001,2019-11-04 16:19:59.571392,false,false
627,36,10001,2019-11-01 18:22:37.571392,false,true
628,36,10001,2019-11-07 13:15:38.571392,false,true
629,36,10001,2019-11-11 12:40:35.571392,false,true
631,36,10001,2019-12-23 09:30:07.571392,false,true
632,36,10001,2019-10-23 21:31:56.571392,false,false
634,36,10001,2019-10-10 18:48:38.571392,false,false
635,36,10001,2019-12-11 03:15:52.571392,false,false
637,36,10001,2019-11-01 09:46:35.571392,false,false
639,36,10001,2019-11-07 22:56:15.571392,false,false
640,36,10001,2019-08-28 18:01:54.571392,false,false
641,36,10001,2019-12-02 21:27:37.571392,false,false
642,36,10001,2019-10-05 23:48:54.571392,false,true
645,36,10001,2019-10-20 13:03:50.571392,false,true
646,36,10001,2019-11-05 11:17:06.571392,false,true
647,37,10001,2019-07-09 20:12:17.571392,false,false
648,37,10001,2019-07-07 08:13:46.571392,false,false
649,37,10001,2019-09-14 04:46:32.571392,false,true
650,37,10001,2019-07-04 23:57:23.571392,false,true
652,37,10001,2019-09-23 10:34:07.571392,false,true
653,37,10001,2019-07-29 11:46:51.571392,false,true
654,37,10001,2019-06-07 13:05:10.571392,false,false
655,37,10001,2019-09-04 16:07:49.571392,false,false
656,37,10001,2019-11-29 17:58:14.571392,false,false
657,37,10001,2019-11-26 16:14:52.571392,false,true
658,38,10001,2019-11-09 17:10:29.571392,false,false
659,38,10001,2019-07-01 09:20:00.571392,false,false
660,38,10001,2020-01-31 01:42:40.571392,false,false
661,38,10001,2019-06-19 01:31:05.571392,false,true
662,38,10001,2019-05-17 02:33:17.571392,false,false
663,38,10001,2019-11-25 12:49:39.571392,false,false
664,38,10001,2019-05-29 20:50:44.571392,false,true
665,38,10001,2019-08-21 14:33:59.571392,false,false
666,38,10001,2019-12-02 22:48:42.571392,false,true
667,38,10001,2019-10-16 02:41:52.571392,false,false
668,38,10001,2019-11-25 06:48:31.571392,false,true
669,39,10001,2020-02-19 01:01:24.571392,false,false
670,39,10001,2020-03-05 21:00:46.571392,false,false
671,39,10001,2020-02-16 03:24:55.571392,false,false
674,39,10001,2020-02-18 09:32:19.571392,false,true
675,39,10001,2020-03-08 01:38:40.571392,false,false
676,39,10001,2020-02-18 11:48:56.571392,false,false
677,39,10001,2020-03-07 04:44:25.571392,false,false
679,39,10001,2020-02-25 07:48:40.571392,false,true
680,39,10001,2020-03-12 03:48:00.571392,false,false
682,39,10001,2020-02-22 04:53:35.571392,false,true
683,39,10001,2020-02-24 01:32:06.571392,false,false
684,39,10001,2020-02-19 14:20:24.571392,false,true
685,39,10001,2020-02-21 07:01:58.571392,false,false
686,39,10001,2020-02-22 15:21:15.571392,false,false
687,39,10001,2020-03-02 00:05:59.571392,false,true
688,39,10001,2020-02-20 09:46:11.571392,false,false
690,39,10001,2020-02-27 09:29:35.571392,false,true
691,39,10001,2020-02-24 21:19:15.571392,false,true
692,39,10001,2020-02-14 07:30:51.571392,false,true
693,39,10001,2020-03-09 22:02:47.571392,false,false
695,39,10001,2020-03-02 23:33:26.571392,false,false
696,39,10001,2020-02-15 12:47:29.571392,false,true
697,39,10001,2020-03-05 01:26:42.571392,false,true
698,39,10001,2020-03-07 10:32:19.571392,false,false
700,39,10001,2020-02-20 19:54:15.571392,false,false
701,39,10001,2020-02-25 16:55:23.571392,false,false
703,39,10001,2020-03-09 21:45:57.571392,false,false
704,39,10001,2020-02-18 19:04:45.571392,false,false
705,39,10001,2020-02-27 23:37:54.571392,false,false
706,39,10001,2020-02-21 13:45:02.571392,false,true
707,39,10001,2020-02-17 22:14:56.571392,false,false
708,39,10001,2020-02-25 09:06:04.571392,false,false
710,40,10001,2020-02-20 18:21:59.571392,false,false
711,40,10001,2020-02-19 16:46:05.571392,false,true
712,40,10001,2020-02-11 23:54:07.571392,false,false
713,40,10001,2020-02-20 11:25:04.571392,false,false
714,40,10001,2020-02-12 07:03:45.571392,false,false
715,40,10001,2020-02-24 03:35:13.571392,false,true
717,40,10001,2020-02-18 03:10:45.571392,false,false
718,40,10001,2020-03-08 06:16:34.571392,false,false
719,40,10001,2020-02-19 00:59:28.571392,false,true
720,40,10001,2020-02-25 04:51:06.571392,false,true
722,40,10001,2020-02-23 19:50:04.571392,false,false
723,40,10001,2020-02-13 05:28:39.571392,false,false
724,40,10001,2020-02-15 17:48:07.571392,false,true
725,40,10001,2020-02-19 12:56:29.571392,false,false
726,40,10001,2020-02-08 21:48:43.571392,false,false
727,40,10001,2020-02-14 05:03:47.571392,false,true
731,40,10001,2020-02-13 22:19:48.571392,false,false
732,40,10001,2020-02-29 05:28:54.571392,false,false
733,40,10001,2020-02-16 09:06:57.571392,false,true
734,40,10001,2020-02-18 09:50:38.571392,false,false
735,40,10001,2020-02-12 20:14:20.571392,false,true
736,40,10001,2020-02-16 20:36:14.571392,false,false
739,40,10001,2020-02-09 19:54:52.571392,false,true
740,40,10001,2020-03-04 13:30:30.571392,false,false
743,40,10001,2020-02-29 16:10:13.571392,false,false
744,40,10001,2020-03-10 15:20:07.571392,false,false
745,40,10001,2020-02-20 22:07:30.571392,false,false
746,40,10001,2020-02-29 09:23:18.571392,false,false
747,40,10001,2020-02-15 13:03:43.571392,false,true
748,40,10001,2020-02-18 10:28:26.571392,false,false
750,40,10001,2020-02-15 13:48:44.571392,false,false
752,41,10001,2019-12-14 20:59:02.571392,false,false
753,41,10001,2019-12-10 08:16:55.571392,false,false
755,41,10001,2020-02-03 01:17:53.571392,false,true
756,41,10001,2019-12-13 15:00:12.571392,false,true
757,41,10001,2020-02-25 22:23:38.571392,false,false
759,41,10001,2019-12-25 13:41:23.571392,false,true
761,41,10001,2020-01-17 10:58:12.571392,false,false
762,42,10001,2019-08-20 20:36:59.571392,false,false
763,42,10001,2019-11-28 01:23:06.571392,false,false
764,42,10001,2019-11-17 14:20:26.571392,false,false
765,42,10001,2019-09-26 22:26:46.571392,false,false
766,42,10001,2019-10-07 08:53:18.571392,false,false
767,42,10001,2019-09-26 15:33:51.571392,false,true
768,42,10001,2019-11-01 20:20:34.571392,false,false
770,42,10001,2019-10-08 15:45:05.571392,false,false
771,42,10001,2019-11-19 00:43:31.571392,false,true
772,42,10001,2019-10-14 18:26:27.571392,false,false
448,27,10001,2020-02-21 00:59:12.571392,false,false
31,3,10001,2019-12-04 02:04:00.571392,false,false
365,25,10001,2019-11-09 16:00:17.571392,false,false
406,26,10001,2020-03-10 23:06:17.571392,false,false
562,32,10001,2019-12-04 19:31:07.571392,false,false
440,27,10001,2020-02-18 12:18:20.571392,false,false
699,39,10001,2020-02-16 07:38:03.571392,false,false
758,41,10001,2020-01-14 13:01:20.571392,false,true
1,1,10001,2019-12-26 06:00:42.571392,false,false
349,24,10001,2019-12-12 19:18:21.571392,false,true
503,29,10001,2019-12-01 20:04:54.571392,false,true
419,27,10001,2020-02-20 17:08:43.571392,false,false
340,23,10001,2019-11-18 23:54:02.571392,false,true
729,40,10001,2020-02-13 01:20:01.571392,false,true
366,25,10001,2019-11-29 20:45:20.571392,false,true
678,39,10001,2020-02-23 11:14:31.571392,false,false
323,23,10001,2019-12-29 09:24:56.571392,false,false
541,31,10001,2019-09-01 00:20:04.571392,false,false
593,34,10001,2019-11-12 17:43:50.571392,false,true
702,39,10001,2020-02-21 09:44:10.571392,false,false
552,32,10001,2019-12-01 11:02:55.571392,false,false
356,25,10001,2019-10-22 20:42:08.571392,false,false
367,25,10001,2020-01-04 21:35:07.571392,false,false
63,6,10001,2019-12-01 21:27:23.571392,false,false
418,27,10001,2020-03-06 02:22:50.571392,false,false
412,26,10001,2020-02-28 12:40:12.571392,false,false
555,32,10001,2019-12-10 20:06:57.571392,false,false
563,32,10001,2019-11-30 12:22:20.571392,false,false
582,33,10001,2020-02-27 17:42:45.571392,false,false
444,27,10001,2020-02-16 20:04:20.571392,false,false
585,34,10001,2020-01-25 01:00:40.571392,false,false
278,19,10001,2019-08-13 18:05:13.571392,false,false
643,36,10001,2020-01-04 16:21:05.571392,false,false
66,6,10001,2019-08-27 11:35:35.571392,false,false
146,12,10001,2020-01-26 01:48:21.571392,false,false
596,34,10001,2019-12-08 00:50:39.571392,false,false
488,28,10001,2020-02-25 21:24:50.571392,false,false
19,2,10001,2019-09-21 06:14:21.571392,false,true
362,25,10001,2019-08-20 04:09:40.571392,false,false
721,40,10001,2020-02-21 23:25:47.571392,false,false
565,32,10001,2020-01-27 07:40:16.571392,false,true
50,5,10001,2020-01-03 02:50:29.571392,false,false
7,1,10001,2019-11-16 05:55:56.571392,false,false
591,34,10001,2020-01-19 17:56:40.571392,false,false
250,18,10001,2020-01-15 03:57:07.571392,false,false
312,22,10001,2020-02-23 01:19:43.571392,false,false
299,20,10001,2019-12-28 19:48:44.571392,false,false
633,36,10001,2019-11-22 13:55:16.571392,false,false
73,7,10001,2019-11-07 20:28:06.571392,false,false
277,19,10001,2019-07-30 17:27:00.571392,false,false
268,18,10001,2019-11-23 04:05:30.571392,false,false
425,27,10001,2020-02-26 17:30:37.571392,false,false
253,18,10001,2019-12-31 19:39:31.571392,false,false
17,2,10001,2019-10-05 04:21:51.571392,false,true
672,39,10001,2020-02-21 20:19:17.571392,false,false
751,41,10001,2020-01-16 12:19:29.571392,false,true
505,29,10001,2019-07-12 11:12:09.571392,false,false
416,26,10001,2020-02-25 12:21:05.571392,false,false
166,13,10001,2019-08-09 18:39:06.571392,false,false
32,3,10001,2019-06-04 02:52:18.571392,false,false
730,40,10001,2020-02-17 23:49:57.571392,false,false
511,29,10001,2019-06-22 02:14:17.571392,false,true
88,8,10001,2020-02-13 17:33:15.571392,false,false
175,13,10001,2019-07-20 07:23:03.571392,false,false
394,26,10001,2020-02-22 17:29:56.571392,false,false
305,21,10001,2020-01-13 22:41:34.571392,false,true
689,39,10001,2020-03-06 11:53:39.571392,false,false
644,36,10001,2019-11-04 05:01:06.571392,false,false
347,24,10001,2020-01-19 05:48:28.571392,false,false
530,30,10001,2019-10-29 22:21:07.571392,false,false
170,13,10001,2019-09-09 16:51:01.571392,false,true
361,25,10001,2020-01-13 13:06:33.571392,false,false
96,8,10001,2019-10-22 04:30:22.571392,false,false
276,19,10001,2020-02-09 08:25:40.571392,false,true
99,8,10001,2019-12-06 18:31:42.571392,false,false
428,27,10001,2020-02-20 18:47:23.571392,false,false
28,3,10001,2019-06-02 21:47:16.571392,false,false
285,19,10001,2019-09-01 02:03:44.571392,false,false
13,2,10001,2019-06-15 15:25:48.571392,false,false
303,21,10001,2020-01-10 10:46:57.571392,false,true
524,30,10001,2019-11-16 23:00:29.571392,false,true
575,33,10001,2020-02-13 17:07:53.571392,false,false
266,18,10001,2020-01-06 19:22:17.571392,false,false
68,7,10001,2019-10-15 13:07:33.571392,false,false
95,8,10001,2019-11-14 20:09:01.571392,false,true
375,25,10001,2019-11-14 03:33:28.571392,false,false
502,29,10001,2019-08-02 17:13:57.571392,false,false
8,1,10001,2020-01-29 21:57:00.571392,false,false
279,19,10001,2019-08-29 20:27:19.571392,false,false
302,21,10001,2020-02-05 07:47:55.571392,false,true
589,34,10001,2019-11-21 01:56:19.571392,false,false
536,31,10001,2019-09-03 15:26:58.571392,false,false
606,35,10001,2019-05-30 15:44:59.571392,false,false
55,5,10001,2020-01-22 03:54:28.571392,false,false
151,12,10001,2020-01-05 13:56:35.571392,false,false
742,40,10001,2020-02-19 19:33:48.571392,false,false
636,36,10001,2019-11-15 19:35:21.571392,false,false
204,15,10001,2019-11-16 01:27:43.571392,false,true
128,10,10001,2019-06-03 00:37:08.571392,false,false
443,27,10001,2020-02-22 08:00:59.571392,false,false
598,34,10001,2019-11-09 11:16:18.571392,false,false
738,40,10001,2020-02-21 13:45:57.571392,false,false
283,19,10001,2019-11-04 00:56:20.571392,false,true
760,41,10001,2019-12-21 10:15:52.571392,false,true
506,29,10001,2019-05-15 05:08:34.571392,false,false
41,4,10001,2020-01-23 14:29:04.571392,false,false
165,13,10001,2019-11-01 02:00:06.571392,false,true
241,17,10001,2019-10-17 20:37:54.571392,false,true
459,28,10001,2020-03-10 11:24:05.571392,false,false
475,28,10001,2020-02-27 06:21:23.571392,false,false
571,32,10001,2020-01-23 17:57:53.571392,false,false
227,17,10001,2019-09-16 14:14:34.571392,false,false
121,10,10001,2019-07-03 01:18:45.571392,false,false
291,20,10001,2019-11-13 08:18:30.571392,false,true
67,7,10001,2019-11-20 17:57:51.571392,false,false
352,24,10001,2019-12-22 12:40:16.571392,false,true
630,36,10001,2019-09-05 03:22:12.571392,false,false
102,8,10001,2019-12-27 22:01:13.571392,false,false
754,41,10001,2019-12-19 06:57:22.571392,false,true
737,40,10001,2020-02-10 19:06:07.571392,false,true
296,20,10001,2019-10-19 08:53:21.571392,false,false
163,13,10001,2019-12-07 08:07:43.571392,false,true
211,16,10001,2019-10-12 05:55:04.571392,false,true
178,13,10001,2019-11-13 01:40:23.571392,false,false
581,33,10001,2020-01-16 19:51:07.571392,false,true
337,23,10001,2019-12-23 21:41:12.571392,false,false
436,27,10001,2020-02-26 04:14:02.571392,false,false
457,27,10001,2020-02-22 02:29:55.571392,false,false
716,40,10001,2020-02-17 13:04:03.571392,false,false
728,40,10001,2020-03-10 15:43:30.571392,false,false
108,8,10001,2019-10-31 03:08:36.571392,false,false
239,17,10001,2019-10-19 23:00:33.571392,false,false
709,39,10001,2020-02-18 10:34:28.571392,false,false
607,35,10001,2019-07-09 05:31:14.571392,false,true
398,26,10001,2020-03-04 11:10:55.571392,false,false
494,28,10001,2020-03-02 11:09:57.571392,false,false
256,18,10001,2020-01-05 23:54:49.571392,false,false
220,16,10001,2019-12-07 05:23:52.571392,false,false
490,28,10001,2020-02-28 03:33:35.571392,false,false
92,8,10001,2019-11-12 12:14:59.571392,false,true
466,28,10001,2020-03-06 06:16:02.571392,false,false
769,42,10001,2019-07-12 16:31:12.571392,false,false
694,39,10001,2020-03-06 20:00:37.571392,false,false
201,15,10001,2020-01-23 22:18:26.571392,false,false
426,27,10001,2020-02-23 03:17:29.571392,false,false
438,27,10001,2020-02-15 17:45:20.571392,false,false
252,18,10001,2020-01-30 07:39:08.571392,false,false
154,12,10001,2019-12-29 04:13:56.571392,false,false
550,31,10001,2019-12-16 21:24:41.571392,false,false
77,7,10001,2019-11-30 14:49:01.571392,false,false
226,16,10001,2019-11-04 05:24:18.571392,false,true
350,24,10001,2019-12-22 19:49:34.571392,false,false
651,37,10001,2019-12-08 15:28:55.571392,false,true
749,40,10001,2020-02-13 22:32:40.571392,false,false
415,26,10001,2020-02-29 11:41:24.571392,false,false
37,4,10001,2019-09-01 17:44:50.571392,false,true
235,17,10001,2019-12-03 15:45:10.571392,false,true
192,14,10001,2019-08-16 03:53:06.571392,false,false
501,29,10001,2019-07-26 19:49:09.571392,false,false
218,16,10001,2019-12-15 07:51:38.571392,false,false
311,21,10001,2020-02-02 03:45:17.571392,false,true
52,5,10001,2020-01-09 07:59:43.571392,false,false
741,40,10001,2020-02-09 20:27:51.571392,false,false
400,26,10001,2020-02-22 11:48:30.571392,false,false
24,3,10001,2019-06-05 17:08:10.571392,false,false
442,27,10001,2020-02-23 00:26:05.571392,false,false
402,26,10001,2020-02-21 01:43:22.571392,false,false
117,9,10001,2019-12-14 11:39:40.571392,false,false
517,29,10001,2019-10-18 06:58:19.571392,false,true
681,39,10001,2020-02-23 05:03:58.571392,false,false
569,32,10001,2019-12-16 12:44:51.571392,false,false
69,7,10001,2019-12-13 13:28:35.571392,false,false
481,28,10001,2020-02-24 02:05:54.571392,false,false
346,24,10001,2019-12-31 01:50:48.571392,false,true
493,28,10001,2020-02-28 10:08:24.571392,false,false
240,17,10001,2019-10-08 11:57:12.571392,false,false
331,23,10001,2020-01-25 20:36:31.571392,false,false
123,10,10001,2019-08-13 17:25:37.571392,false,false
200,15,10001,2019-12-24 21:20:07.571392,false,false
603,34,10001,2019-11-30 15:14:58.571392,false,false
370,25,10001,2020-02-06 05:44:17.571392,false,false
107,8,10001,2019-10-29 09:30:47.571392,false,true
673,39,10001,2020-02-21 20:09:28.571392,false,false
169,13,10001,2019-05-25 13:54:07.571392,false,false
441,27,10001,2020-03-09 21:21:50.571392,false,false
33,3,10001,2019-05-14 07:50:48.571392,false,false
15,2,10001,2019-08-02 01:13:53.571392,true,false
78,7,10001,2019-10-23 02:57:37.571392,true,false
173,13,10001,2019-07-04 02:40:04.571392,true,false
527,30,10001,2019-10-18 03:17:16.571392,true,false
547,31,10001,2019-07-13 01:42:53.571392,true,false
638,36,10001,2019-10-25 16:44:25.571392,true,false
225,16,10001,2019-10-28 20:23:04.571392,true,false
