account_id,date_created,date_unlock,time_difference,group_id,product_id,num_payments,loan_term,pct_loan_term_%
2,2019-11-06 05:49:39.571392,2020-02-24 02:00:21.571392,109 days 20:10:42.000000000,1,42,18,100.0,18.0
4,2019-12-11 03:18:53.571392,2020-02-25 04:28:59.571392,76 days 01:10:06.000000000,1,42,13,100.0,13.0
6,2019-09-29 13:04:45.571392,2020-02-20 18:54:47.571392,144 days 05:50:02.000000000,1,42,23,100.0,23.0
9,2019-10-10 12:49:10.571392,2020-03-04 07:45:50.571392,145 days 18:56:40.000000000,1,42,23,100.0,23.0
10,2019-12-15 03:38:31.571392,2020-02-21 15:48:49.571392,68 days 12:10:18.000000000,1,42,12,100.0,12.0
11,2019-09-22 00:50:52.571392,2020-02-22 10:21:48.571392,153 days 09:30:56.000000000,1,42,24,100.0,24.0
12,2019-10-03 09:22:40.571392,2020-03-03 13:35:30.571392,152 days 04:12:50.000000000,2,20,24,100.0,24.0
14,2019-07-14 10:38:51.571392,2020-02-29 01:21:59.571392,229 days 14:43:08.000000000,2,20,35,100.0,35.0
16,2019-06-27 01:35:05.571392,2020-03-02 21:13:29.571392,249 days 19:38:24.000000000,2,20,38,100.0,38.0
18,2019-10-03 09:21:49.571392,2020-03-04 14:41:14.571392,153 days 05:19:25.000000000,2,20,24,100.0,24.0
21,2019-07-11 20:56:40.571392,2020-02-26 01:58:07.571392,229 days 05:01:27.000000000,2,20,35,100.0,35.0
22,2019-07-31 12:02:15.571392,2020-03-02 10:00:18.571392,214 days 21:58:03.000000000,2,20,33,100.0,33.0
27,2019-05-24 22:38:31.571392,2020-02-19 00:56:36.571392,270 days 02:18:05.000000000,3,25,41,100.0,41.0
27,2019-05-24 22:38:31.571392,2020-02-19 00:56:36.571392,270 days 02:18:05.000000000,3,32,41,100.0,41.0
27,2019-05-24 22:38:31.571392,2020-02-19 00:56:36.571392,270 days 02:18:05.000000000,3,32,41,100.0,41.0
27,2019-05-24 22:38:31.571392,2020-02-19 00:56:36.571392,270 days 02:18:05.000000000,3,32,41,100.0,41.0
27,2019-05-24 22:38:31.571392,2020-02-19 00:56:36.571392,270 days 02:18:05.000000000,3,32,41,100.0,41.0
27,2019-05-24 22:38:31.571392,2020-02-19 00:56:36.571392,270 days 02:18:05.000000000,3,32,41,100.0,41.0
27,2019-05-24 22:38:31.571392,2020-02-19 00:56:36.571392,270 days 02:18:05.000000000,3,32,41,100.0,41.0
27,2019-05-24 22:38:31.571392,2020-02-19 00:56:36.571392,270 days 02:18:05.000000000,3,32,41,100.0,41.0
27,2019-05-24 22:38:31.571392,2020-02-19 00:56:36.571392,270 days 02:18:05.000000000,3,32,41,100.0,41.0
27,2019-05-24 22:38:31.571392,2020-02-19 00:56:36.571392,270 days 02:18:05.000000000,3,32,41,100.0,41.0
29,2019-07-06 04:27:38.571392,2020-02-26 23:38:22.571392,235 days 19:10:44.000000000,3,25,36,100.0,36.0
29,2019-07-06 04:27:38.571392,2020-02-26 23:38:22.571392,235 days 19:10:44.000000000,3,32,36,100.0,36.0
29,2019-07-06 04:27:38.571392,2020-02-26 23:38:22.571392,235 days 19:10:44.000000000,3,32,36,100.0,36.0
29,2019-07-06 04:27:38.571392,2020-02-26 23:38:22.571392,235 days 19:10:44.000000000,3,32,36,100.0,36.0
29,2019-07-06 04:27:38.571392,2020-02-26 23:38:22.571392,235 days 19:10:44.000000000,3,32,36,100.0,36.0
29,2019-07-06 04:27:38.571392,2020-02-26 23:38:22.571392,235 days 19:10:44.000000000,3,32,36,100.0,36.0
29,2019-07-06 04:27:38.571392,2020-02-26 23:38:22.571392,235 days 19:10:44.000000000,3,32,36,100.0,36.0
29,2019-07-06 04:27:38.571392,2020-02-26 23:38:22.571392,235 days 19:10:44.000000000,3,32,36,100.0,36.0
29,2019-07-06 04:27:38.571392,2020-02-26 23:38:22.571392,235 days 19:10:44.000000000,3,32,36,100.0,36.0
29,2019-07-06 04:27:38.571392,2020-02-26 23:38:22.571392,235 days 19:10:44.000000000,3,32,36,100.0,36.0
34,2019-08-13 00:41:58.571392,2020-03-01 06:59:59.571392,201 days 06:18:01.000000000,4,26,31,100.0,31.0
46,2020-02-10 04:02:38.571392,2020-02-29 13:08:58.571392,19 days 09:06:20.000000000,5,27,5,100.0,5.0
46,2020-02-10 04:02:38.571392,2020-02-29 13:08:58.571392,19 days 09:06:20.000000000,5,32,5,100.0,5.0
46,2020-02-10 04:02:38.571392,2020-02-29 13:08:58.571392,19 days 09:06:20.000000000,5,32,5,100.0,5.0
46,2020-02-10 04:02:38.571392,2020-02-29 13:08:58.571392,19 days 09:06:20.000000000,5,32,5,100.0,5.0
46,2020-02-10 04:02:38.571392,2020-02-29 13:08:58.571392,19 days 09:06:20.000000000,5,32,5,100.0,5.0
46,2020-02-10 04:02:38.571392,2020-02-29 13:08:58.571392,19 days 09:06:20.000000000,5,32,5,100.0,5.0
46,2020-02-10 04:02:38.571392,2020-02-29 13:08:58.571392,19 days 09:06:20.000000000,5,32,5,100.0,5.0
46,2020-02-10 04:02:38.571392,2020-02-29 13:08:58.571392,19 days 09:06:20.000000000,5,32,5,100.0,5.0
46,2020-02-10 04:02:38.571392,2020-02-29 13:08:58.571392,19 days 09:06:20.000000000,5,32,5,100.0,5.0
47,2019-12-29 12:55:53.571392,2020-02-28 21:40:02.571392,61 days 08:44:09.000000000,5,27,11,100.0,11.0
47,2019-12-29 12:55:53.571392,2020-02-28 21:40:02.571392,61 days 08:44:09.000000000,5,32,11,100.0,11.0
47,2019-12-29 12:55:53.571392,2020-02-28 21:40:02.571392,61 days 08:44:09.000000000,5,32,11,100.0,11.0
47,2019-12-29 12:55:53.571392,2020-02-28 21:40:02.571392,61 days 08:44:09.000000000,5,32,11,100.0,11.0
47,2019-12-29 12:55:53.571392,2020-02-28 21:40:02.571392,61 days 08:44:09.000000000,5,32,11,100.0,11.0
47,2019-12-29 12:55:53.571392,2020-02-28 21:40:02.571392,61 days 08:44:09.000000000,5,32,11,100.0,11.0
47,2019-12-29 12:55:53.571392,2020-02-28 21:40:02.571392,61 days 08:44:09.000000000,5,32,11,100.0,11.0
47,2019-12-29 12:55:53.571392,2020-02-28 21:40:02.571392,61 days 08:44:09.000000000,5,32,11,100.0,11.0
47,2019-12-29 12:55:53.571392,2020-02-28 21:40:02.571392,61 days 08:44:09.000000000,5,32,11,100.0,11.0
48,2019-12-22 11:09:23.571392,2020-02-29 13:26:46.571392,69 days 02:17:23.000000000,5,27,12,100.0,12.0
48,2019-12-22 11:09:23.571392,2020-02-29 13:26:46.571392,69 days 02:17:23.000000000,5,32,12,100.0,12.0
48,2019-12-22 11:09:23.571392,2020-02-29 13:26:46.571392,69 days 02:17:23.000000000,5,32,12,100.0,12.0
48,2019-12-22 11:09:23.571392,2020-02-29 13:26:46.571392,69 days 02:17:23.000000000,5,32,12,100.0,12.0
48,2019-12-22 11:09:23.571392,2020-02-29 13:26:46.571392,69 days 02:17:23.000000000,5,32,12,100.0,12.0
48,2019-12-22 11:09:23.571392,2020-02-29 13:26:46.571392,69 days 02:17:23.000000000,5,32,12,100.0,12.0
48,2019-12-22 11:09:23.571392,2020-02-29 13:26:46.571392,69 days 02:17:23.000000000,5,32,12,100.0,12.0
48,2019-12-22 11:09:23.571392,2020-02-29 13:26:46.571392,69 days 02:17:23.000000000,5,32,12,100.0,12.0
48,2019-12-22 11:09:23.571392,2020-02-29 13:26:46.571392,69 days 02:17:23.000000000,5,32,12,100.0,12.0
49,2019-12-24 13:15:06.571392,2020-02-23 03:23:50.571392,60 days 14:08:44.000000000,5,27,11,100.0,11.0
49,2019-12-24 13:15:06.571392,2020-02-23 03:23:50.571392,60 days 14:08:44.000000000,5,32,11,100.0,11.0
49,2019-12-24 13:15:06.571392,2020-02-23 03:23:50.571392,60 days 14:08:44.000000000,5,32,11,100.0,11.0
49,2019-12-24 13:15:06.571392,2020-02-23 03:23:50.571392,60 days 14:08:44.000000000,5,32,11,100.0,11.0
49,2019-12-24 13:15:06.571392,2020-02-23 03:23:50.571392,60 days 14:08:44.000000000,5,32,11,100.0,11.0
49,2019-12-24 13:15:06.571392,2020-02-23 03:23:50.571392,60 days 14:08:44.000000000,5,32,11,100.0,11.0
49,2019-12-24 13:15:06.571392,2020-02-23 03:23:50.571392,60 days 14:08:44.000000000,5,32,11,100.0,11.0
49,2019-12-24 13:15:06.571392,2020-02-23 03:23:50.571392,60 days 14:08:44.000000000,5,32,11,100.0,11.0
49,2019-12-24 13:15:06.571392,2020-02-23 03:23:50.571392,60 days 14:08:44.000000000,5,32,11,100.0,11.0
51,2019-12-30 15:37:01.571392,2020-02-24 07:49:24.571392,55 days 16:12:23.000000000,5,27,10,100.0,10.0
51,2019-12-30 15:37:01.571392,2020-02-24 07:49:24.571392,55 days 16:12:23.000000000,5,32,10,100.0,10.0
51,2019-12-30 15:37:01.571392,2020-02-24 07:49:24.571392,55 days 16:12:23.000000000,5,32,10,100.0,10.0
51,2019-12-30 15:37:01.571392,2020-02-24 07:49:24.571392,55 days 16:12:23.000000000,5,32,10,100.0,10.0
51,2019-12-30 15:37:01.571392,2020-02-24 07:49:24.571392,55 days 16:12:23.000000000,5,32,10,100.0,10.0
51,2019-12-30 15:37:01.571392,2020-02-24 07:49:24.571392,55 days 16:12:23.000000000,5,32,10,100.0,10.0
51,2019-12-30 15:37:01.571392,2020-02-24 07:49:24.571392,55 days 16:12:23.000000000,5,32,10,100.0,10.0
51,2019-12-30 15:37:01.571392,2020-02-24 07:49:24.571392,55 days 16:12:23.000000000,5,32,10,100.0,10.0
51,2019-12-30 15:37:01.571392,2020-02-24 07:49:24.571392,55 days 16:12:23.000000000,5,32,10,100.0,10.0
56,2019-06-26 06:25:39.571392,2020-03-03 03:23:04.571392,250 days 20:57:25.000000000,6,11,38,100.0,38.0
59,2019-11-03 05:39:13.571392,2020-02-21 13:54:54.571392,110 days 08:15:41.000000000,6,11,18,100.0,18.0
61,2019-06-15 03:48:17.571392,2020-02-27 04:50:22.571392,257 days 01:02:05.000000000,6,11,39,100.0,39.0
62,2019-06-09 06:39:29.571392,2020-02-23 04:55:13.571392,258 days 22:15:44.000000000,6,11,39,100.0,39.0
64,2019-11-15 14:41:41.571392,2020-02-25 19:22:36.571392,102 days 04:40:55.000000000,6,11,17,100.0,17.0
65,2019-08-29 07:09:16.571392,2020-03-04 02:23:37.571392,187 days 19:14:21.000000000,6,11,29,100.0,28.999999999999996
74,2020-01-25 16:36:10.571392,2020-02-29 08:45:48.571392,34 days 16:09:38.000000000,7,39,7,50.0,14.000000000000002
75,2019-11-24 04:58:52.571392,2020-02-22 00:04:09.571392,89 days 19:05:17.000000000,7,39,15,50.0,30.0
76,2019-10-20 06:58:09.571392,2020-03-01 01:55:14.571392,132 days 18:57:05.000000000,7,39,21,50.0,42.0
79,2019-10-29 17:59:35.571392,2020-02-24 15:26:10.571392,117 days 21:26:35.000000000,7,39,19,50.0,38.0
80,2019-11-26 08:19:51.571392,2020-03-02 23:17:53.571392,97 days 14:58:02.000000000,7,39,16,50.0,32.0
82,2019-11-26 22:07:52.571392,2020-02-25 16:40:48.571392,90 days 18:32:56.000000000,7,39,15,50.0,30.0
85,2019-11-28 06:42:42.571392,2020-03-05 03:10:23.571392,97 days 20:27:41.000000000,7,39,16,50.0,32.0
87,2019-12-12 22:48:09.571392,2020-02-18 12:51:19.571392,67 days 14:03:10.000000000,7,39,12,50.0,24.0
90,2019-10-22 23:40:56.571392,2020-03-02 07:43:45.571392,131 days 08:02:49.000000000,8,17,21,100.0,21.0
93,2019-11-29 00:37:14.571392,2020-02-27 12:47:18.571392,90 days 12:10:04.000000000,8,17,15,100.0,15.0
97,2019-11-21 18:06:31.571392,2020-03-04 05:42:41.571392,103 days 11:36:10.000000000,8,17,17,100.0,17.0
98,2019-12-28 22:01:12.571392,2020-02-22 18:58:53.571392,55 days 20:57:41.000000000,8,17,10,100.0,10.0
100,2019-11-15 06:48:37.571392,2020-02-27 02:44:30.571392,103 days 19:55:53.000000000,8,17,17,100.0,17.0
103,2019-11-03 08:52:24.571392,2020-02-29 18:49:07.571392,118 days 09:56:43.000000000,8,17,19,100.0,19.0
106,2020-02-01 04:35:51.571392,2020-02-27 13:57:42.571392,26 days 09:21:51.000000000,8,17,6,100.0,6.0
116,2019-09-05 01:22:26.571392,2020-03-04 08:35:15.571392,181 days 07:12:49.000000000,9,33,28,50.0,56.00000000000001
118,2020-01-28 10:03:29.571392,2020-03-03 02:31:21.571392,34 days 16:27:52.000000000,9,33,7,50.0,14.000000000000002
119,2019-12-08 12:48:09.571392,2020-02-22 09:15:52.571392,75 days 20:27:43.000000000,9,33,13,50.0,26.0
124,2019-09-29 02:14:31.571392,2020-02-27 20:56:41.571392,151 days 18:42:10.000000000,10,31,24,100.0,24.0
125,2019-08-17 05:20:39.571392,2020-02-28 06:24:12.571392,195 days 01:03:33.000000000,10,31,30,100.0,30.0
126,2019-11-02 22:55:02.571392,2020-02-29 03:26:17.571392,118 days 04:31:15.000000000,10,31,19,100.0,19.0
127,2019-09-13 22:56:13.571392,2020-02-28 06:27:26.571392,167 days 07:31:13.000000000,10,31,26,100.0,26.0
130,2019-06-23 04:18:49.571392,2020-02-29 05:56:27.571392,251 days 01:37:38.000000000,10,31,38,100.0,38.0
131,2019-11-05 16:36:16.571392,2020-03-01 12:23:59.571392,116 days 19:47:43.000000000,11,34,19,100.0,19.0
133,2019-10-09 18:16:51.571392,2020-03-02 10:24:10.571392,144 days 16:07:19.000000000,11,34,23,100.0,23.0
134,2019-10-08 04:10:41.571392,2020-02-24 15:59:10.571392,139 days 11:48:29.000000000,11,34,22,100.0,22.0
136,2019-10-25 17:13:45.571392,2020-02-26 00:28:13.571392,123 days 07:14:28.000000000,11,34,20,100.0,20.0
137,2019-11-04 22:31:59.571392,2020-03-02 04:39:22.571392,118 days 06:07:23.000000000,11,34,19,100.0,19.0
139,2019-10-10 04:09:36.571392,2020-02-25 22:07:12.571392,138 days 17:57:36.000000000,11,34,22,100.0,22.0
141,2020-01-23 17:37:11.571392,2020-02-27 12:52:14.571392,34 days 19:15:03.000000000,11,34,7,100.0,7.000000000000001
145,2020-01-02 06:47:44.571392,2020-03-04 05:24:20.571392,61 days 22:36:36.000000000,12,12,11,100.0,11.0
145,2020-01-02 06:47:44.571392,2020-03-04 05:24:20.571392,61 days 22:36:36.000000000,12,32,11,100.0,11.0
145,2020-01-02 06:47:44.571392,2020-03-04 05:24:20.571392,61 days 22:36:36.000000000,12,32,11,100.0,11.0
145,2020-01-02 06:47:44.571392,2020-03-04 05:24:20.571392,61 days 22:36:36.000000000,12,32,11,100.0,11.0
147,2019-12-04 06:02:55.571392,2020-03-02 12:19:31.571392,89 days 06:16:36.000000000,12,12,15,100.0,15.0
147,2019-12-04 06:02:55.571392,2020-03-02 12:19:31.571392,89 days 06:16:36.000000000,12,32,15,100.0,15.0
147,2019-12-04 06:02:55.571392,2020-03-02 12:19:31.571392,89 days 06:16:36.000000000,12,32,15,100.0,15.0
147,2019-12-04 06:02:55.571392,2020-03-02 12:19:31.571392,89 days 06:16:36.000000000,12,32,15,100.0,15.0
148,2020-02-08 10:42:12.571392,2020-02-27 03:03:01.571392,18 days 16:20:49.000000000,12,12,5,100.0,5.0
148,2020-02-08 10:42:12.571392,2020-02-27 03:03:01.571392,18 days 16:20:49.000000000,12,32,5,100.0,5.0
148,2020-02-08 10:42:12.571392,2020-02-27 03:03:01.571392,18 days 16:20:49.000000000,12,32,5,100.0,5.0
148,2020-02-08 10:42:12.571392,2020-02-27 03:03:01.571392,18 days 16:20:49.000000000,12,32,5,100.0,5.0
149,2020-02-03 20:41:29.571392,2020-03-02 06:43:10.571392,27 days 10:01:41.000000000,12,12,6,100.0,6.0
149,2020-02-03 20:41:29.571392,2020-03-02 06:43:10.571392,27 days 10:01:41.000000000,12,32,6,100.0,6.0
149,2020-02-03 20:41:29.571392,2020-03-02 06:43:10.571392,27 days 10:01:41.000000000,12,32,6,100.0,6.0
149,2020-02-03 20:41:29.571392,2020-03-02 06:43:10.571392,27 days 10:01:41.000000000,12,32,6,100.0,6.0
150,2020-02-22 11:01:51.571392,2020-03-06 17:35:43.571392,13 days 06:33:52.000000000,12,12,3,100.0,3.0
150,2020-02-22 11:01:51.571392,2020-03-06 17:35:43.571392,13 days 06:33:52.000000000,12,32,3,100.0,3.0
150,2020-02-22 11:01:51.571392,2020-03-06 17:35:43.571392,13 days 06:33:52.000000000,12,32,3,100.0,3.0
150,2020-02-22 11:01:51.571392,2020-03-06 17:35:43.571392,13 days 06:33:52.000000000,12,32,3,100.0,3.0
152,2019-12-21 13:53:52.571392,2020-02-21 06:13:46.571392,61 days 16:19:54.000000000,12,12,11,100.0,11.0
152,2019-12-21 13:53:52.571392,2020-02-21 06:13:46.571392,61 days 16:19:54.000000000,12,32,11,100.0,11.0
152,2019-12-21 13:53:52.571392,2020-02-21 06:13:46.571392,61 days 16:19:54.000000000,12,32,11,100.0,11.0
152,2019-12-21 13:53:52.571392,2020-02-21 06:13:46.571392,61 days 16:19:54.000000000,12,32,11,100.0,11.0
155,2019-12-11 16:49:31.571392,2020-02-23 20:36:39.571392,74 days 03:47:08.000000000,12,12,13,100.0,13.0
155,2019-12-11 16:49:31.571392,2020-02-23 20:36:39.571392,74 days 03:47:08.000000000,12,32,13,100.0,13.0
155,2019-12-11 16:49:31.571392,2020-02-23 20:36:39.571392,74 days 03:47:08.000000000,12,32,13,100.0,13.0
155,2019-12-11 16:49:31.571392,2020-02-23 20:36:39.571392,74 days 03:47:08.000000000,12,32,13,100.0,13.0
158,2019-12-15 11:03:46.571392,2020-02-23 07:55:10.571392,69 days 20:51:24.000000000,12,12,12,100.0,12.0
158,2019-12-15 11:03:46.571392,2020-02-23 07:55:10.571392,69 days 20:51:24.000000000,12,32,12,100.0,12.0
158,2019-12-15 11:03:46.571392,2020-02-23 07:55:10.571392,69 days 20:51:24.000000000,12,32,12,100.0,12.0
158,2019-12-15 11:03:46.571392,2020-02-23 07:55:10.571392,69 days 20:51:24.000000000,12,32,12,100.0,12.0
159,2020-02-19 16:12:31.571392,2020-03-01 18:32:28.571392,11 days 02:19:57.000000000,12,12,4,100.0,4.0
159,2020-02-19 16:12:31.571392,2020-03-01 18:32:28.571392,11 days 02:19:57.000000000,12,32,4,100.0,4.0
159,2020-02-19 16:12:31.571392,2020-03-01 18:32:28.571392,11 days 02:19:57.000000000,12,32,4,100.0,4.0
159,2020-02-19 16:12:31.571392,2020-03-01 18:32:28.571392,11 days 02:19:57.000000000,12,32,4,100.0,4.0
160,2020-01-31 15:23:14.571392,2020-02-28 00:18:06.571392,27 days 08:54:52.000000000,12,12,6,100.0,6.0
160,2020-01-31 15:23:14.571392,2020-02-28 00:18:06.571392,27 days 08:54:52.000000000,12,32,6,100.0,6.0
160,2020-01-31 15:23:14.571392,2020-02-28 00:18:06.571392,27 days 08:54:52.000000000,12,32,6,100.0,6.0
160,2020-01-31 15:23:14.571392,2020-02-28 00:18:06.571392,27 days 08:54:52.000000000,12,32,6,100.0,6.0
161,2020-02-09 14:45:48.571392,2020-02-21 18:03:03.571392,12 days 03:17:15.000000000,12,12,4,100.0,4.0
161,2020-02-09 14:45:48.571392,2020-02-21 18:03:03.571392,12 days 03:17:15.000000000,12,32,4,100.0,4.0
161,2020-02-09 14:45:48.571392,2020-02-21 18:03:03.571392,12 days 03:17:15.000000000,12,32,4,100.0,4.0
161,2020-02-09 14:45:48.571392,2020-02-21 18:03:03.571392,12 days 03:17:15.000000000,12,32,4,100.0,4.0
174,2019-08-02 16:51:35.571392,2020-02-26 20:52:44.571392,208 days 04:01:09.000000000,13,10,32,100.0,32.0
180,2019-04-25 01:24:38.571392,2020-03-03 10:32:14.571392,313 days 09:07:36.000000000,13,10,47,100.0,47.0
186,2019-08-20 13:13:51.571392,2020-03-03 04:45:00.571392,195 days 15:31:09.000000000,14,18,30,50.0,60.0
187,2019-08-26 04:24:56.571392,2020-02-22 20:44:56.571392,180 days 16:20:00.000000000,14,18,28,50.0,56.00000000000001
188,2019-10-12 16:38:56.571392,2020-02-27 23:53:31.571392,138 days 07:14:35.000000000,14,18,22,50.0,44.0
189,2019-10-12 15:13:04.571392,2020-02-19 23:38:08.571392,130 days 08:25:04.000000000,14,18,21,50.0,42.0
190,2019-11-11 07:37:53.571392,2020-03-02 06:38:00.571392,111 days 23:00:07.000000000,14,18,18,50.0,36.0
193,2019-09-19 04:26:08.571392,2020-03-05 00:20:02.571392,167 days 19:53:54.000000000,14,18,26,50.0,52.0
197,2019-12-27 20:14:22.571392,2020-02-26 21:38:13.571392,61 days 01:23:51.000000000,15,2,11,100.0,11.0
198,2019-12-16 16:04:52.571392,2020-02-22 02:46:10.571392,67 days 10:41:18.000000000,15,2,12,100.0,12.0
206,2019-10-30 08:34:33.571392,2020-03-03 10:45:58.571392,125 days 02:11:25.000000000,16,15,20,100.0,20.0
206,2019-10-30 08:34:33.571392,2020-03-03 10:45:58.571392,125 days 02:11:25.000000000,16,32,20,100.0,20.0
206,2019-10-30 08:34:33.571392,2020-03-03 10:45:58.571392,125 days 02:11:25.000000000,16,32,20,100.0,20.0
206,2019-10-30 08:34:33.571392,2020-03-03 10:45:58.571392,125 days 02:11:25.000000000,16,32,20,100.0,20.0
206,2019-10-30 08:34:33.571392,2020-03-03 10:45:58.571392,125 days 02:11:25.000000000,16,32,20,100.0,20.0
206,2019-10-30 08:34:33.571392,2020-03-03 10:45:58.571392,125 days 02:11:25.000000000,16,32,20,100.0,20.0
206,2019-10-30 08:34:33.571392,2020-03-03 10:45:58.571392,125 days 02:11:25.000000000,16,32,20,100.0,20.0
206,2019-10-30 08:34:33.571392,2020-03-03 10:45:58.571392,125 days 02:11:25.000000000,16,32,20,100.0,20.0
206,2019-10-30 08:34:33.571392,2020-03-03 10:45:58.571392,125 days 02:11:25.000000000,16,32,20,100.0,20.0
206,2019-10-30 08:34:33.571392,2020-03-03 10:45:58.571392,125 days 02:11:25.000000000,16,32,20,100.0,20.0
206,2019-10-30 08:34:33.571392,2020-03-03 10:45:58.571392,125 days 02:11:25.000000000,16,32,20,100.0,20.0
206,2019-10-30 08:34:33.571392,2020-03-03 10:45:58.571392,125 days 02:11:25.000000000,16,32,20,100.0,20.0
206,2019-10-30 08:34:33.571392,2020-03-03 10:45:58.571392,125 days 02:11:25.000000000,16,32,20,100.0,20.0
212,2019-10-31 06:43:15.571392,2020-02-24 14:28:40.571392,116 days 07:45:25.000000000,16,15,19,100.0,19.0
212,2019-10-31 06:43:15.571392,2020-02-24 14:28:40.571392,116 days 07:45:25.000000000,16,32,19,100.0,19.0
212,2019-10-31 06:43:15.571392,2020-02-24 14:28:40.571392,116 days 07:45:25.000000000,16,32,19,100.0,19.0
212,2019-10-31 06:43:15.571392,2020-02-24 14:28:40.571392,116 days 07:45:25.000000000,16,32,19,100.0,19.0
212,2019-10-31 06:43:15.571392,2020-02-24 14:28:40.571392,116 days 07:45:25.000000000,16,32,19,100.0,19.0
212,2019-10-31 06:43:15.571392,2020-02-24 14:28:40.571392,116 days 07:45:25.000000000,16,32,19,100.0,19.0
212,2019-10-31 06:43:15.571392,2020-02-24 14:28:40.571392,116 days 07:45:25.000000000,16,32,19,100.0,19.0
212,2019-10-31 06:43:15.571392,2020-02-24 14:28:40.571392,116 days 07:45:25.000000000,16,32,19,100.0,19.0
212,2019-10-31 06:43:15.571392,2020-02-24 14:28:40.571392,116 days 07:45:25.000000000,16,32,19,100.0,19.0
212,2019-10-31 06:43:15.571392,2020-02-24 14:28:40.571392,116 days 07:45:25.000000000,16,32,19,100.0,19.0
212,2019-10-31 06:43:15.571392,2020-02-24 14:28:40.571392,116 days 07:45:25.000000000,16,32,19,100.0,19.0
212,2019-10-31 06:43:15.571392,2020-02-24 14:28:40.571392,116 days 07:45:25.000000000,16,32,19,100.0,19.0
212,2019-10-31 06:43:15.571392,2020-02-24 14:28:40.571392,116 days 07:45:25.000000000,16,32,19,100.0,19.0
215,2020-02-10 19:05:34.571392,2020-03-01 23:27:31.571392,20 days 04:21:57.000000000,16,15,5,100.0,5.0
215,2020-02-10 19:05:34.571392,2020-03-01 23:27:31.571392,20 days 04:21:57.000000000,16,32,5,100.0,5.0
215,2020-02-10 19:05:34.571392,2020-03-01 23:27:31.571392,20 days 04:21:57.000000000,16,32,5,100.0,5.0
215,2020-02-10 19:05:34.571392,2020-03-01 23:27:31.571392,20 days 04:21:57.000000000,16,32,5,100.0,5.0
215,2020-02-10 19:05:34.571392,2020-03-01 23:27:31.571392,20 days 04:21:57.000000000,16,32,5,100.0,5.0
215,2020-02-10 19:05:34.571392,2020-03-01 23:27:31.571392,20 days 04:21:57.000000000,16,32,5,100.0,5.0
215,2020-02-10 19:05:34.571392,2020-03-01 23:27:31.571392,20 days 04:21:57.000000000,16,32,5,100.0,5.0
215,2020-02-10 19:05:34.571392,2020-03-01 23:27:31.571392,20 days 04:21:57.000000000,16,32,5,100.0,5.0
215,2020-02-10 19:05:34.571392,2020-03-01 23:27:31.571392,20 days 04:21:57.000000000,16,32,5,100.0,5.0
215,2020-02-10 19:05:34.571392,2020-03-01 23:27:31.571392,20 days 04:21:57.000000000,16,32,5,100.0,5.0
215,2020-02-10 19:05:34.571392,2020-03-01 23:27:31.571392,20 days 04:21:57.000000000,16,32,5,100.0,5.0
215,2020-02-10 19:05:34.571392,2020-03-01 23:27:31.571392,20 days 04:21:57.000000000,16,32,5,100.0,5.0
215,2020-02-10 19:05:34.571392,2020-03-01 23:27:31.571392,20 days 04:21:57.000000000,16,32,5,100.0,5.0
221,2020-01-14 00:17:44.571392,2020-03-01 09:42:16.571392,47 days 09:24:32.000000000,16,15,9,100.0,9.0
221,2020-01-14 00:17:44.571392,2020-03-01 09:42:16.571392,47 days 09:24:32.000000000,16,32,9,100.0,9.0
221,2020-01-14 00:17:44.571392,2020-03-01 09:42:16.571392,47 days 09:24:32.000000000,16,32,9,100.0,9.0
221,2020-01-14 00:17:44.571392,2020-03-01 09:42:16.571392,47 days 09:24:32.000000000,16,32,9,100.0,9.0
221,2020-01-14 00:17:44.571392,2020-03-01 09:42:16.571392,47 days 09:24:32.000000000,16,32,9,100.0,9.0
221,2020-01-14 00:17:44.571392,2020-03-01 09:42:16.571392,47 days 09:24:32.000000000,16,32,9,100.0,9.0
221,2020-01-14 00:17:44.571392,2020-03-01 09:42:16.571392,47 days 09:24:32.000000000,16,32,9,100.0,9.0
221,2020-01-14 00:17:44.571392,2020-03-01 09:42:16.571392,47 days 09:24:32.000000000,16,32,9,100.0,9.0
221,2020-01-14 00:17:44.571392,2020-03-01 09:42:16.571392,47 days 09:24:32.000000000,16,32,9,100.0,9.0
221,2020-01-14 00:17:44.571392,2020-03-01 09:42:16.571392,47 days 09:24:32.000000000,16,32,9,100.0,9.0
221,2020-01-14 00:17:44.571392,2020-03-01 09:42:16.571392,47 days 09:24:32.000000000,16,32,9,100.0,9.0
221,2020-01-14 00:17:44.571392,2020-03-01 09:42:16.571392,47 days 09:24:32.000000000,16,32,9,100.0,9.0
221,2020-01-14 00:17:44.571392,2020-03-01 09:42:16.571392,47 days 09:24:32.000000000,16,32,9,100.0,9.0
228,2019-12-06 12:31:22.571392,2020-02-26 14:23:40.571392,82 days 01:52:18.000000000,17,40,14,50.0,28.000000000000004
231,2019-11-02 23:21:51.571392,2020-02-20 17:07:12.571392,109 days 17:45:21.000000000,17,40,18,50.0,36.0
233,2019-08-24 19:37:53.571392,2020-02-27 13:12:15.571392,186 days 17:34:22.000000000,17,40,29,50.0,57.99999999999999
234,2019-09-10 05:20:00.571392,2020-03-01 05:10:34.571392,172 days 23:50:34.000000000,17,40,27,50.0,54.0
237,2019-12-18 14:19:55.571392,2020-03-02 03:24:03.571392,74 days 13:04:08.000000000,17,40,13,50.0,26.0
238,2019-09-12 23:11:52.571392,2020-02-26 23:45:23.571392,167 days 00:33:31.000000000,17,40,26,50.0,52.0
249,2020-01-18 12:00:36.571392,2020-02-21 17:58:35.571392,34 days 05:57:59.000000000,18,13,7,100.0,7.000000000000001
255,2020-02-19 07:13:32.571392,2020-03-04 02:38:23.571392,13 days 19:24:51.000000000,18,13,4,100.0,4.0
259,2019-11-13 03:01:36.571392,2020-03-01 19:26:48.571392,109 days 16:25:12.000000000,18,13,18,100.0,18.0
260,2019-11-24 16:05:19.571392,2020-02-29 07:59:22.571392,96 days 15:54:03.000000000,18,13,16,100.0,16.0
262,2020-02-07 19:54:35.571392,2020-02-26 14:36:32.571392,18 days 18:41:57.000000000,18,13,5,100.0,5.0
263,2019-11-11 09:46:37.571392,2020-02-28 09:56:05.571392,109 days 00:09:28.000000000,18,13,18,100.0,18.0
267,2019-11-06 10:13:53.571392,2020-03-02 10:54:33.571392,117 days 00:40:40.000000000,18,13,19,100.0,19.0
269,2019-10-14 23:17:54.571392,2020-02-29 12:02:55.571392,137 days 12:45:01.000000000,19,21,22,50.0,44.0
273,2019-10-14 03:58:02.571392,2020-03-01 18:09:34.571392,139 days 14:11:32.000000000,19,21,22,50.0,44.0
274,2019-08-20 19:14:19.571392,2020-02-24 04:49:32.571392,187 days 09:35:13.000000000,19,21,29,50.0,57.99999999999999
275,2019-10-10 01:23:38.571392,2020-02-24 08:39:30.571392,137 days 07:15:52.000000000,19,21,22,50.0,44.0
280,2019-10-16 06:32:49.571392,2020-02-25 04:50:08.571392,131 days 22:17:19.000000000,19,21,21,50.0,42.0
281,2020-02-11 13:26:21.571392,2020-02-29 20:04:01.571392,18 days 06:37:40.000000000,19,21,5,50.0,10.0
287,2019-08-11 06:22:50.571392,2020-02-29 15:27:55.571392,202 days 09:05:05.000000000,19,21,31,50.0,62.0
290,2019-10-18 13:10:26.571392,2020-02-27 04:46:59.571392,131 days 15:36:33.000000000,20,5,21,50.0,42.0
294,2019-10-05 05:58:27.571392,2020-02-28 20:08:50.571392,146 days 14:10:23.000000000,20,5,23,50.0,46.0
300,2019-11-14 07:25:25.571392,2020-03-05 00:50:48.571392,111 days 17:25:23.000000000,20,5,18,50.0,36.0
301,2019-12-18 17:03:21.571392,2020-03-04 14:39:30.571392,76 days 21:36:09.000000000,21,19,13,50.0,26.0
306,2019-12-23 04:17:55.571392,2020-02-29 12:20:30.571392,68 days 08:02:35.000000000,21,19,12,50.0,24.0
307,2019-12-24 20:07:44.571392,2020-02-25 04:42:40.571392,62 days 08:34:56.000000000,21,19,11,50.0,22.0
308,2019-12-17 21:18:16.571392,2020-03-02 22:19:57.571392,76 days 01:01:41.000000000,21,19,13,50.0,26.0
313,2020-02-16 10:55:23.571392,2020-02-28 02:27:22.571392,11 days 15:31:59.000000000,22,37,4,100.0,4.0
317,2019-12-25 23:48:04.571392,2020-03-04 04:56:18.571392,69 days 05:08:14.000000000,22,37,12,100.0,12.0
318,2019-11-30 15:30:20.571392,2020-02-22 11:19:12.571392,83 days 19:48:52.000000000,22,37,14,100.0,14.000000000000002
319,2019-12-20 07:11:43.571392,2020-02-26 11:21:17.571392,68 days 04:09:34.000000000,22,37,12,100.0,12.0
324,2019-11-04 11:30:01.571392,2020-03-01 03:39:02.571392,117 days 16:09:01.000000000,23,32,19,100.0,19.0
325,2019-12-31 23:35:17.571392,2020-02-24 23:56:30.571392,55 days 00:21:13.000000000,23,32,10,100.0,10.0
330,2019-12-05 16:56:30.571392,2020-02-25 03:26:31.571392,81 days 10:30:01.000000000,23,32,14,100.0,14.000000000000002
332,2019-10-29 15:31:44.571392,2020-02-29 18:13:25.571392,123 days 02:41:41.000000000,23,32,20,100.0,20.0
333,2019-11-12 20:02:15.571392,2020-03-01 14:07:05.571392,109 days 18:04:50.000000000,23,32,18,100.0,18.0
334,2019-11-09 12:03:17.571392,2020-02-21 00:49:40.571392,103 days 12:46:23.000000000,23,32,17,100.0,17.0
335,2019-11-23 06:34:53.571392,2020-02-20 13:58:03.571392,89 days 07:23:10.000000000,23,32,15,100.0,15.0
336,2020-01-20 14:15:23.571392,2020-02-21 22:57:59.571392,32 days 08:42:36.000000000,23,32,7,100.0,7.000000000000001
338,2020-02-12 04:17:55.571392,2020-03-03 17:06:01.571392,20 days 12:48:06.000000000,23,32,5,100.0,5.0
345,2020-01-27 16:57:13.571392,2020-02-22 22:33:09.571392,26 days 05:35:56.000000000,24,24,6,100.0,6.0
348,2020-01-26 17:36:25.571392,2020-02-21 16:06:15.571392,25 days 22:29:50.000000000,24,24,6,100.0,6.0
353,2020-01-06 21:18:51.571392,2020-03-02 17:52:00.571392,55 days 20:33:09.000000000,24,24,10,100.0,10.0
354,2020-01-26 17:55:27.571392,2020-02-29 23:48:56.571392,34 days 05:53:29.000000000,24,24,7,100.0,7.000000000000001
355,2019-09-18 06:47:36.571392,2020-03-02 07:08:56.571392,166 days 00:21:20.000000000,25,38,26,50.0,52.0
355,2019-09-18 06:47:36.571392,2020-03-02 07:08:56.571392,166 days 00:21:20.000000000,25,32,26,50.0,52.0
355,2019-09-18 06:47:36.571392,2020-03-02 07:08:56.571392,166 days 00:21:20.000000000,25,32,26,50.0,52.0
355,2019-09-18 06:47:36.571392,2020-03-02 07:08:56.571392,166 days 00:21:20.000000000,25,32,26,50.0,52.0
355,2019-09-18 06:47:36.571392,2020-03-02 07:08:56.571392,166 days 00:21:20.000000000,25,32,26,50.0,52.0
355,2019-09-18 06:47:36.571392,2020-03-02 07:08:56.571392,166 days 00:21:20.000000000,25,32,26,50.0,52.0
355,2019-09-18 06:47:36.571392,2020-03-02 07:08:56.571392,166 days 00:21:20.000000000,25,32,26,50.0,52.0
355,2019-09-18 06:47:36.571392,2020-03-02 07:08:56.571392,166 days 00:21:20.000000000,25,32,26,50.0,52.0
355,2019-09-18 06:47:36.571392,2020-03-02 07:08:56.571392,166 days 00:21:20.000000000,25,32,26,50.0,52.0
359,2019-09-20 06:40:10.571392,2020-02-26 03:24:52.571392,158 days 20:44:42.000000000,25,38,25,50.0,50.0
359,2019-09-20 06:40:10.571392,2020-02-26 03:24:52.571392,158 days 20:44:42.000000000,25,32,25,50.0,50.0
359,2019-09-20 06:40:10.571392,2020-02-26 03:24:52.571392,158 days 20:44:42.000000000,25,32,25,50.0,50.0
359,2019-09-20 06:40:10.571392,2020-02-26 03:24:52.571392,158 days 20:44:42.000000000,25,32,25,50.0,50.0
359,2019-09-20 06:40:10.571392,2020-02-26 03:24:52.571392,158 days 20:44:42.000000000,25,32,25,50.0,50.0
359,2019-09-20 06:40:10.571392,2020-02-26 03:24:52.571392,158 days 20:44:42.000000000,25,32,25,50.0,50.0
359,2019-09-20 06:40:10.571392,2020-02-26 03:24:52.571392,158 days 20:44:42.000000000,25,32,25,50.0,50.0
359,2019-09-20 06:40:10.571392,2020-02-26 03:24:52.571392,158 days 20:44:42.000000000,25,32,25,50.0,50.0
359,2019-09-20 06:40:10.571392,2020-02-26 03:24:52.571392,158 days 20:44:42.000000000,25,32,25,50.0,50.0
363,2019-11-27 06:14:43.571392,2020-02-25 01:19:35.571392,89 days 19:04:52.000000000,25,38,15,50.0,30.0
363,2019-11-27 06:14:43.571392,2020-02-25 01:19:35.571392,89 days 19:04:52.000000000,25,32,15,50.0,30.0
363,2019-11-27 06:14:43.571392,2020-02-25 01:19:35.571392,89 days 19:04:52.000000000,25,32,15,50.0,30.0
363,2019-11-27 06:14:43.571392,2020-02-25 01:19:35.571392,89 days 19:04:52.000000000,25,32,15,50.0,30.0
363,2019-11-27 06:14:43.571392,2020-02-25 01:19:35.571392,89 days 19:04:52.000000000,25,32,15,50.0,30.0
363,2019-11-27 06:14:43.571392,2020-02-25 01:19:35.571392,89 days 19:04:52.000000000,25,32,15,50.0,30.0
363,2019-11-27 06:14:43.571392,2020-02-25 01:19:35.571392,89 days 19:04:52.000000000,25,32,15,50.0,30.0
363,2019-11-27 06:14:43.571392,2020-02-25 01:19:35.571392,89 days 19:04:52.000000000,25,32,15,50.0,30.0
363,2019-11-27 06:14:43.571392,2020-02-25 01:19:35.571392,89 days 19:04:52.000000000,25,32,15,50.0,30.0
368,2019-09-02 05:01:42.571392,2020-02-21 16:13:18.571392,172 days 11:11:36.000000000,25,38,27,50.0,54.0
368,2019-09-02 05:01:42.571392,2020-02-21 16:13:18.571392,172 days 11:11:36.000000000,25,32,27,50.0,54.0
368,2019-09-02 05:01:42.571392,2020-02-21 16:13:18.571392,172 days 11:11:36.000000000,25,32,27,50.0,54.0
368,2019-09-02 05:01:42.571392,2020-02-21 16:13:18.571392,172 days 11:11:36.000000000,25,32,27,50.0,54.0
368,2019-09-02 05:01:42.571392,2020-02-21 16:13:18.571392,172 days 11:11:36.000000000,25,32,27,50.0,54.0
368,2019-09-02 05:01:42.571392,2020-02-21 16:13:18.571392,172 days 11:11:36.000000000,25,32,27,50.0,54.0
368,2019-09-02 05:01:42.571392,2020-02-21 16:13:18.571392,172 days 11:11:36.000000000,25,32,27,50.0,54.0
368,2019-09-02 05:01:42.571392,2020-02-21 16:13:18.571392,172 days 11:11:36.000000000,25,32,27,50.0,54.0
368,2019-09-02 05:01:42.571392,2020-02-21 16:13:18.571392,172 days 11:11:36.000000000,25,32,27,50.0,54.0
373,2019-10-01 20:12:29.571392,2020-02-23 12:06:50.571392,144 days 15:54:21.000000000,25,38,23,50.0,46.0
373,2019-10-01 20:12:29.571392,2020-02-23 12:06:50.571392,144 days 15:54:21.000000000,25,32,23,50.0,46.0
373,2019-10-01 20:12:29.571392,2020-02-23 12:06:50.571392,144 days 15:54:21.000000000,25,32,23,50.0,46.0
373,2019-10-01 20:12:29.571392,2020-02-23 12:06:50.571392,144 days 15:54:21.000000000,25,32,23,50.0,46.0
373,2019-10-01 20:12:29.571392,2020-02-23 12:06:50.571392,144 days 15:54:21.000000000,25,32,23,50.0,46.0
373,2019-10-01 20:12:29.571392,2020-02-23 12:06:50.571392,144 days 15:54:21.000000000,25,32,23,50.0,46.0
373,2019-10-01 20:12:29.571392,2020-02-23 12:06:50.571392,144 days 15:54:21.000000000,25,32,23,50.0,46.0
373,2019-10-01 20:12:29.571392,2020-02-23 12:06:50.571392,144 days 15:54:21.000000000,25,32,23,50.0,46.0
373,2019-10-01 20:12:29.571392,2020-02-23 12:06:50.571392,144 days 15:54:21.000000000,25,32,23,50.0,46.0
376,2020-03-01 01:52:12.571392,2020-03-07 09:44:05.571392,6 days 07:51:53.000000000,26,8,3,100.0,3.0
379,2020-02-28 23:30:10.571392,2020-03-04 06:20:42.571392,4 days 06:50:32.000000000,26,8,3,100.0,3.0
380,2020-02-25 14:05:38.571392,2020-03-09 12:20:42.571392,12 days 22:15:04.000000000,26,8,3,100.0,3.0
384,2020-02-26 23:17:11.571392,2020-03-10 02:04:09.571392,12 days 02:46:58.000000000,26,8,3,100.0,3.0
385,2020-02-20 04:33:40.571392,2020-02-25 05:49:05.571392,5 days 01:15:25.000000000,26,8,3,100.0,3.0
389,2020-02-18 20:07:10.571392,2020-03-02 03:36:36.571392,12 days 07:29:26.000000000,26,8,4,100.0,4.0
390,2020-02-24 15:23:13.571392,2020-03-06 16:08:40.571392,11 days 00:45:27.000000000,26,8,3,100.0,3.0
391,2020-02-23 19:12:19.571392,2020-03-07 19:42:28.571392,13 days 00:30:09.000000000,26,8,3,100.0,3.0
397,2020-03-02 09:00:42.571392,2020-03-08 10:44:41.571392,6 days 01:43:59.000000000,26,8,3,100.0,3.0
401,2020-02-25 12:18:46.571392,2020-03-07 20:52:55.571392,11 days 08:34:09.000000000,26,8,3,100.0,3.0
405,2020-02-25 00:05:43.571392,2020-03-08 03:26:03.571392,12 days 03:20:20.000000000,26,8,3,100.0,3.0
407,2020-03-05 18:36:21.571392,2020-03-11 01:37:42.571392,5 days 07:01:21.000000000,26,8,3,100.0,3.0
411,2020-03-03 18:25:35.571392,2020-03-08 20:05:12.571392,5 days 01:39:37.000000000,26,8,3,100.0,3.0
414,2020-02-20 21:13:21.571392,2020-03-04 12:43:01.571392,12 days 15:29:40.000000000,26,8,3,100.0,3.0
420,2020-03-01 17:06:44.571392,2020-03-08 12:14:50.571392,6 days 19:08:06.000000000,27,28,3,50.0,6.0
421,2020-02-24 14:35:50.571392,2020-03-06 17:06:13.571392,11 days 02:30:23.000000000,27,28,3,50.0,6.0
423,2020-02-19 05:49:19.571392,2020-03-03 06:06:11.571392,13 days 00:16:52.000000000,27,28,4,50.0,8.0
424,2020-02-23 19:19:45.571392,2020-03-08 04:49:13.571392,13 days 09:29:28.000000000,27,28,3,50.0,6.0
430,2020-02-17 00:59:07.571392,2020-02-28 20:00:09.571392,11 days 19:01:02.000000000,27,28,4,50.0,8.0
431,2020-02-15 17:48:57.571392,2020-02-21 19:59:52.571392,6 days 02:10:55.000000000,27,28,3,50.0,6.0
433,2020-02-24 05:02:53.571392,2020-03-08 12:12:52.571392,13 days 07:09:59.000000000,27,28,3,50.0,6.0
434,2020-03-05 12:00:07.571392,2020-03-09 23:23:36.571392,4 days 11:23:29.000000000,27,28,3,50.0,6.0
435,2020-02-18 17:41:54.571392,2020-02-24 00:00:49.571392,5 days 06:18:55.000000000,27,28,3,50.0,6.0
447,2020-02-20 05:00:34.571392,2020-02-24 19:01:15.571392,4 days 14:00:41.000000000,27,28,3,50.0,6.0
452,2020-02-27 02:21:56.571392,2020-03-10 16:31:14.571392,12 days 14:09:18.000000000,27,28,3,50.0,6.0
453,2020-02-18 04:34:32.571392,2020-03-02 00:37:39.571392,12 days 20:03:07.000000000,27,28,4,50.0,8.0
454,2020-02-22 10:33:33.571392,2020-03-06 14:21:32.571392,13 days 03:47:59.000000000,27,28,3,50.0,6.0
456,2020-02-17 07:59:34.571392,2020-02-29 13:43:00.571392,12 days 05:43:26.000000000,27,28,4,50.0,8.0
458,2020-02-24 10:27:13.571392,2020-03-07 01:36:10.571392,11 days 15:08:57.000000000,28,30,3,100.0,3.0
460,2020-02-27 11:30:10.571392,2020-03-12 08:29:04.571392,13 days 20:58:54.000000000,28,30,3,100.0,3.0
462,2020-02-25 16:56:54.571392,2020-03-10 13:58:17.571392,13 days 21:01:23.000000000,28,30,3,100.0,3.0
467,2020-02-24 08:28:30.571392,2020-03-06 15:38:47.571392,11 days 07:10:17.000000000,28,30,3,100.0,3.0
474,2020-02-21 17:43:16.571392,2020-03-04 04:35:29.571392,11 days 10:52:13.000000000,28,30,3,100.0,3.0
476,2020-03-05 11:40:37.571392,2020-03-09 15:50:50.571392,4 days 04:10:13.000000000,28,30,3,100.0,3.0
478,2020-02-24 01:39:11.571392,2020-03-06 09:15:02.571392,11 days 07:35:51.000000000,28,30,3,100.0,3.0
479,2020-02-26 14:52:29.571392,2020-03-10 15:24:28.571392,13 days 00:31:59.000000000,28,30,3,100.0,3.0
485,2020-02-28 19:03:11.571392,2020-03-04 15:38:39.571392,4 days 20:35:28.000000000,28,30,3,100.0,3.0
486,2020-02-24 22:59:01.571392,2020-03-08 08:36:57.571392,12 days 09:37:56.000000000,28,30,3,100.0,3.0
495,2020-03-01 00:20:13.571392,2020-03-05 13:22:22.571392,4 days 13:02:09.000000000,28,30,3,100.0,3.0
499,2019-08-30 04:31:09.571392,2020-02-27 07:24:45.571392,181 days 02:53:36.000000000,29,6,28,100.0,28.000000000000004
507,2019-12-17 10:03:58.571392,2020-02-29 17:32:25.571392,74 days 07:28:27.000000000,29,6,13,100.0,13.0
509,2020-01-23 02:33:46.571392,2020-03-03 22:23:50.571392,40 days 19:50:04.000000000,29,6,8,100.0,8.0
513,2019-06-26 09:23:58.571392,2020-03-04 01:14:42.571392,251 days 15:50:44.000000000,29,6,38,100.0,38.0
514,2019-06-10 03:37:40.571392,2020-03-01 09:15:10.571392,265 days 05:37:30.000000000,29,6,40,100.0,40.0
515,2019-09-05 04:02:21.571392,2020-03-05 02:13:05.571392,181 days 22:10:44.000000000,29,6,28,100.0,28.000000000000004
518,2019-08-03 11:11:00.571392,2020-02-26 17:57:02.571392,207 days 06:46:02.000000000,29,6,32,100.0,32.0
519,2019-08-25 21:15:17.571392,2020-02-28 19:46:12.571392,186 days 22:30:55.000000000,29,6,29,100.0,28.999999999999996
522,2019-08-21 04:15:42.571392,2020-03-02 23:54:00.571392,194 days 19:38:18.000000000,30,29,30,100.0,30.0
525,2019-11-19 08:43:31.571392,2020-02-29 13:20:45.571392,102 days 04:37:14.000000000,30,29,17,100.0,17.0
529,2019-09-04 16:44:24.571392,2020-03-03 13:42:12.571392,180 days 20:57:48.000000000,30,29,28,100.0,28.000000000000004
531,2019-08-07 06:21:12.571392,2020-02-25 03:35:41.571392,201 days 21:14:29.000000000,31,41,31,100.0,31.0
532,2019-07-01 22:38:19.571392,2020-02-24 10:22:12.571392,237 days 11:43:53.000000000,31,41,36,100.0,36.0
535,2019-12-29 15:52:30.571392,2020-02-27 18:05:03.571392,60 days 02:12:33.000000000,31,41,11,100.0,11.0
538,2019-10-09 08:59:21.571392,2020-03-01 19:39:48.571392,144 days 10:40:27.000000000,31,41,23,100.0,23.0
540,2019-10-21 13:26:39.571392,2020-03-02 00:02:02.571392,132 days 10:35:23.000000000,31,41,21,100.0,21.0
542,2019-08-31 00:01:55.571392,2020-02-26 18:34:12.571392,179 days 18:32:17.000000000,31,41,28,100.0,28.000000000000004
545,2019-06-29 01:12:15.571392,2020-02-28 03:53:55.571392,244 days 02:41:40.000000000,31,41,37,100.0,37.0
548,2019-07-25 07:55:46.571392,2020-03-03 04:52:52.571392,221 days 20:57:06.000000000,31,41,34,100.0,34.0
551,2019-09-11 04:29:34.571392,2020-02-25 05:07:39.571392,167 days 00:38:05.000000000,31,41,26,100.0,26.0
553,2019-12-24 17:50:00.571392,2020-02-24 13:19:26.571392,61 days 19:29:26.000000000,32,16,11,50.0,22.0
554,2019-11-01 11:13:09.571392,2020-02-25 14:01:10.571392,116 days 02:48:01.000000000,32,16,19,50.0,38.0
557,2019-12-30 23:42:26.571392,2020-02-24 00:11:34.571392,55 days 00:29:08.000000000,32,16,10,50.0,20.0
560,2019-10-27 08:36:10.571392,2020-02-20 12:47:01.571392,116 days 04:10:51.000000000,32,16,19,50.0,38.0
567,2020-02-05 09:09:23.571392,2020-02-25 18:18:41.571392,20 days 09:09:18.000000000,32,16,5,50.0,10.0
576,2019-12-15 12:46:52.571392,2020-02-22 00:40:07.571392,68 days 11:53:15.000000000,33,36,12,50.0,24.0
576,2019-12-15 12:46:52.571392,2020-02-22 00:40:07.571392,68 days 11:53:15.000000000,33,32,12,50.0,24.0
576,2019-12-15 12:46:52.571392,2020-02-22 00:40:07.571392,68 days 11:53:15.000000000,33,32,12,50.0,24.0
576,2019-12-15 12:46:52.571392,2020-02-22 00:40:07.571392,68 days 11:53:15.000000000,33,32,12,50.0,24.0
576,2019-12-15 12:46:52.571392,2020-02-22 00:40:07.571392,68 days 11:53:15.000000000,33,32,12,50.0,24.0
576,2019-12-15 12:46:52.571392,2020-02-22 00:40:07.571392,68 days 11:53:15.000000000,33,32,12,50.0,24.0
576,2019-12-15 12:46:52.571392,2020-02-22 00:40:07.571392,68 days 11:53:15.000000000,33,32,12,50.0,24.0
576,2019-12-15 12:46:52.571392,2020-02-22 00:40:07.571392,68 days 11:53:15.000000000,33,32,12,50.0,24.0
576,2019-12-15 12:46:52.571392,2020-02-22 00:40:07.571392,68 days 11:53:15.000000000,33,32,12,50.0,24.0
576,2019-12-15 12:46:52.571392,2020-02-22 00:40:07.571392,68 days 11:53:15.000000000,33,32,12,50.0,24.0
576,2019-12-15 12:46:52.571392,2020-02-22 00:40:07.571392,68 days 11:53:15.000000000,33,32,12,50.0,24.0
576,2019-12-15 12:46:52.571392,2020-02-22 00:40:07.571392,68 days 11:53:15.000000000,33,32,12,50.0,24.0
576,2019-12-15 12:46:52.571392,2020-02-22 00:40:07.571392,68 days 11:53:15.000000000,33,32,12,50.0,24.0
576,2019-12-15 12:46:52.571392,2020-02-22 00:40:07.571392,68 days 11:53:15.000000000,33,32,12,50.0,24.0
579,2020-01-14 21:42:55.571392,2020-02-22 23:17:44.571392,39 days 01:34:49.000000000,33,36,8,50.0,16.0
579,2020-01-14 21:42:55.571392,2020-02-22 23:17:44.571392,39 days 01:34:49.000000000,33,32,8,50.0,16.0
579,2020-01-14 21:42:55.571392,2020-02-22 23:17:44.571392,39 days 01:34:49.000000000,33,32,8,50.0,16.0
579,2020-01-14 21:42:55.571392,2020-02-22 23:17:44.571392,39 days 01:34:49.000000000,33,32,8,50.0,16.0
579,2020-01-14 21:42:55.571392,2020-02-22 23:17:44.571392,39 days 01:34:49.000000000,33,32,8,50.0,16.0
579,2020-01-14 21:42:55.571392,2020-02-22 23:17:44.571392,39 days 01:34:49.000000000,33,32,8,50.0,16.0
579,2020-01-14 21:42:55.571392,2020-02-22 23:17:44.571392,39 days 01:34:49.000000000,33,32,8,50.0,16.0
579,2020-01-14 21:42:55.571392,2020-02-22 23:17:44.571392,39 days 01:34:49.000000000,33,32,8,50.0,16.0
579,2020-01-14 21:42:55.571392,2020-02-22 23:17:44.571392,39 days 01:34:49.000000000,33,32,8,50.0,16.0
579,2020-01-14 21:42:55.571392,2020-02-22 23:17:44.571392,39 days 01:34:49.000000000,33,32,8,50.0,16.0
579,2020-01-14 21:42:55.571392,2020-02-22 23:17:44.571392,39 days 01:34:49.000000000,33,32,8,50.0,16.0
579,2020-01-14 21:42:55.571392,2020-02-22 23:17:44.571392,39 days 01:34:49.000000000,33,32,8,50.0,16.0
579,2020-01-14 21:42:55.571392,2020-02-22 23:17:44.571392,39 days 01:34:49.000000000,33,32,8,50.0,16.0
579,2020-01-14 21:42:55.571392,2020-02-22 23:17:44.571392,39 days 01:34:49.000000000,33,32,8,50.0,16.0
588,2019-10-17 11:59:43.571392,2020-03-03 07:54:02.571392,137 days 19:54:19.000000000,34,4,22,100.0,22.0
588,2019-10-17 11:59:43.571392,2020-03-03 07:54:02.571392,137 days 19:54:19.000000000,34,32,22,100.0,22.0
588,2019-10-17 11:59:43.571392,2020-03-03 07:54:02.571392,137 days 19:54:19.000000000,34,32,22,100.0,22.0
588,2019-10-17 11:59:43.571392,2020-03-03 07:54:02.571392,137 days 19:54:19.000000000,34,32,22,100.0,22.0
588,2019-10-17 11:59:43.571392,2020-03-03 07:54:02.571392,137 days 19:54:19.000000000,34,32,22,100.0,22.0
588,2019-10-17 11:59:43.571392,2020-03-03 07:54:02.571392,137 days 19:54:19.000000000,34,32,22,100.0,22.0
588,2019-10-17 11:59:43.571392,2020-03-03 07:54:02.571392,137 days 19:54:19.000000000,34,32,22,100.0,22.0
588,2019-10-17 11:59:43.571392,2020-03-03 07:54:02.571392,137 days 19:54:19.000000000,34,32,22,100.0,22.0
588,2019-10-17 11:59:43.571392,2020-03-03 07:54:02.571392,137 days 19:54:19.000000000,34,32,22,100.0,22.0
588,2019-10-17 11:59:43.571392,2020-03-03 07:54:02.571392,137 days 19:54:19.000000000,34,32,22,100.0,22.0
588,2019-10-17 11:59:43.571392,2020-03-03 07:54:02.571392,137 days 19:54:19.000000000,34,32,22,100.0,22.0
588,2019-10-17 11:59:43.571392,2020-03-03 07:54:02.571392,137 days 19:54:19.000000000,34,32,22,100.0,22.0
588,2019-10-17 11:59:43.571392,2020-03-03 07:54:02.571392,137 days 19:54:19.000000000,34,32,22,100.0,22.0
590,2019-11-27 05:42:50.571392,2020-02-23 17:33:44.571392,88 days 11:50:54.000000000,34,4,15,100.0,15.0
590,2019-11-27 05:42:50.571392,2020-02-23 17:33:44.571392,88 days 11:50:54.000000000,34,32,15,100.0,15.0
590,2019-11-27 05:42:50.571392,2020-02-23 17:33:44.571392,88 days 11:50:54.000000000,34,32,15,100.0,15.0
590,2019-11-27 05:42:50.571392,2020-02-23 17:33:44.571392,88 days 11:50:54.000000000,34,32,15,100.0,15.0
590,2019-11-27 05:42:50.571392,2020-02-23 17:33:44.571392,88 days 11:50:54.000000000,34,32,15,100.0,15.0
590,2019-11-27 05:42:50.571392,2020-02-23 17:33:44.571392,88 days 11:50:54.000000000,34,32,15,100.0,15.0
590,2019-11-27 05:42:50.571392,2020-02-23 17:33:44.571392,88 days 11:50:54.000000000,34,32,15,100.0,15.0
590,2019-11-27 05:42:50.571392,2020-02-23 17:33:44.571392,88 days 11:50:54.000000000,34,32,15,100.0,15.0
590,2019-11-27 05:42:50.571392,2020-02-23 17:33:44.571392,88 days 11:50:54.000000000,34,32,15,100.0,15.0
590,2019-11-27 05:42:50.571392,2020-02-23 17:33:44.571392,88 days 11:50:54.000000000,34,32,15,100.0,15.0
590,2019-11-27 05:42:50.571392,2020-02-23 17:33:44.571392,88 days 11:50:54.000000000,34,32,15,100.0,15.0
590,2019-11-27 05:42:50.571392,2020-02-23 17:33:44.571392,88 days 11:50:54.000000000,34,32,15,100.0,15.0
590,2019-11-27 05:42:50.571392,2020-02-23 17:33:44.571392,88 days 11:50:54.000000000,34,32,15,100.0,15.0
597,2019-11-08 01:32:17.571392,2020-02-27 00:59:33.571392,110 days 23:27:16.000000000,34,4,18,100.0,18.0
597,2019-11-08 01:32:17.571392,2020-02-27 00:59:33.571392,110 days 23:27:16.000000000,34,32,18,100.0,18.0
597,2019-11-08 01:32:17.571392,2020-02-27 00:59:33.571392,110 days 23:27:16.000000000,34,32,18,100.0,18.0
597,2019-11-08 01:32:17.571392,2020-02-27 00:59:33.571392,110 days 23:27:16.000000000,34,32,18,100.0,18.0
597,2019-11-08 01:32:17.571392,2020-02-27 00:59:33.571392,110 days 23:27:16.000000000,34,32,18,100.0,18.0
597,2019-11-08 01:32:17.571392,2020-02-27 00:59:33.571392,110 days 23:27:16.000000000,34,32,18,100.0,18.0
597,2019-11-08 01:32:17.571392,2020-02-27 00:59:33.571392,110 days 23:27:16.000000000,34,32,18,100.0,18.0
597,2019-11-08 01:32:17.571392,2020-02-27 00:59:33.571392,110 days 23:27:16.000000000,34,32,18,100.0,18.0
597,2019-11-08 01:32:17.571392,2020-02-27 00:59:33.571392,110 days 23:27:16.000000000,34,32,18,100.0,18.0
597,2019-11-08 01:32:17.571392,2020-02-27 00:59:33.571392,110 days 23:27:16.000000000,34,32,18,100.0,18.0
597,2019-11-08 01:32:17.571392,2020-02-27 00:59:33.571392,110 days 23:27:16.000000000,34,32,18,100.0,18.0
597,2019-11-08 01:32:17.571392,2020-02-27 00:59:33.571392,110 days 23:27:16.000000000,34,32,18,100.0,18.0
597,2019-11-08 01:32:17.571392,2020-02-27 00:59:33.571392,110 days 23:27:16.000000000,34,32,18,100.0,18.0
600,2019-10-23 09:26:21.571392,2020-02-24 17:49:32.571392,124 days 08:23:11.000000000,34,4,20,100.0,20.0
600,2019-10-23 09:26:21.571392,2020-02-24 17:49:32.571392,124 days 08:23:11.000000000,34,32,20,100.0,20.0
600,2019-10-23 09:26:21.571392,2020-02-24 17:49:32.571392,124 days 08:23:11.000000000,34,32,20,100.0,20.0
600,2019-10-23 09:26:21.571392,2020-02-24 17:49:32.571392,124 days 08:23:11.000000000,34,32,20,100.0,20.0
600,2019-10-23 09:26:21.571392,2020-02-24 17:49:32.571392,124 days 08:23:11.000000000,34,32,20,100.0,20.0
600,2019-10-23 09:26:21.571392,2020-02-24 17:49:32.571392,124 days 08:23:11.000000000,34,32,20,100.0,20.0
600,2019-10-23 09:26:21.571392,2020-02-24 17:49:32.571392,124 days 08:23:11.000000000,34,32,20,100.0,20.0
600,2019-10-23 09:26:21.571392,2020-02-24 17:49:32.571392,124 days 08:23:11.000000000,34,32,20,100.0,20.0
600,2019-10-23 09:26:21.571392,2020-02-24 17:49:32.571392,124 days 08:23:11.000000000,34,32,20,100.0,20.0
600,2019-10-23 09:26:21.571392,2020-02-24 17:49:32.571392,124 days 08:23:11.000000000,34,32,20,100.0,20.0
600,2019-10-23 09:26:21.571392,2020-02-24 17:49:32.571392,124 days 08:23:11.000000000,34,32,20,100.0,20.0
600,2019-10-23 09:26:21.571392,2020-02-24 17:49:32.571392,124 days 08:23:11.000000000,34,32,20,100.0,20.0
600,2019-10-23 09:26:21.571392,2020-02-24 17:49:32.571392,124 days 08:23:11.000000000,34,32,20,100.0,20.0
601,2019-12-11 17:00:51.571392,2020-02-24 14:30:11.571392,74 days 21:29:20.000000000,34,4,13,100.0,13.0
601,2019-12-11 17:00:51.571392,2020-02-24 14:30:11.571392,74 days 21:29:20.000000000,34,32,13,100.0,13.0
601,2019-12-11 17:00:51.571392,2020-02-24 14:30:11.571392,74 days 21:29:20.000000000,34,32,13,100.0,13.0
601,2019-12-11 17:00:51.571392,2020-02-24 14:30:11.571392,74 days 21:29:20.000000000,34,32,13,100.0,13.0
601,2019-12-11 17:00:51.571392,2020-02-24 14:30:11.571392,74 days 21:29:20.000000000,34,32,13,100.0,13.0
601,2019-12-11 17:00:51.571392,2020-02-24 14:30:11.571392,74 days 21:29:20.000000000,34,32,13,100.0,13.0
601,2019-12-11 17:00:51.571392,2020-02-24 14:30:11.571392,74 days 21:29:20.000000000,34,32,13,100.0,13.0
601,2019-12-11 17:00:51.571392,2020-02-24 14:30:11.571392,74 days 21:29:20.000000000,34,32,13,100.0,13.0
601,2019-12-11 17:00:51.571392,2020-02-24 14:30:11.571392,74 days 21:29:20.000000000,34,32,13,100.0,13.0
601,2019-12-11 17:00:51.571392,2020-02-24 14:30:11.571392,74 days 21:29:20.000000000,34,32,13,100.0,13.0
601,2019-12-11 17:00:51.571392,2020-02-24 14:30:11.571392,74 days 21:29:20.000000000,34,32,13,100.0,13.0
601,2019-12-11 17:00:51.571392,2020-02-24 14:30:11.571392,74 days 21:29:20.000000000,34,32,13,100.0,13.0
601,2019-12-11 17:00:51.571392,2020-02-24 14:30:11.571392,74 days 21:29:20.000000000,34,32,13,100.0,13.0
602,2019-10-06 09:26:01.571392,2020-02-28 07:59:45.571392,144 days 22:33:44.000000000,34,4,23,100.0,23.0
602,2019-10-06 09:26:01.571392,2020-02-28 07:59:45.571392,144 days 22:33:44.000000000,34,32,23,100.0,23.0
602,2019-10-06 09:26:01.571392,2020-02-28 07:59:45.571392,144 days 22:33:44.000000000,34,32,23,100.0,23.0
602,2019-10-06 09:26:01.571392,2020-02-28 07:59:45.571392,144 days 22:33:44.000000000,34,32,23,100.0,23.0
602,2019-10-06 09:26:01.571392,2020-02-28 07:59:45.571392,144 days 22:33:44.000000000,34,32,23,100.0,23.0
602,2019-10-06 09:26:01.571392,2020-02-28 07:59:45.571392,144 days 22:33:44.000000000,34,32,23,100.0,23.0
602,2019-10-06 09:26:01.571392,2020-02-28 07:59:45.571392,144 days 22:33:44.000000000,34,32,23,100.0,23.0
602,2019-10-06 09:26:01.571392,2020-02-28 07:59:45.571392,144 days 22:33:44.000000000,34,32,23,100.0,23.0
602,2019-10-06 09:26:01.571392,2020-02-28 07:59:45.571392,144 days 22:33:44.000000000,34,32,23,100.0,23.0
602,2019-10-06 09:26:01.571392,2020-02-28 07:59:45.571392,144 days 22:33:44.000000000,34,32,23,100.0,23.0
602,2019-10-06 09:26:01.571392,2020-02-28 07:59:45.571392,144 days 22:33:44.000000000,34,32,23,100.0,23.0
602,2019-10-06 09:26:01.571392,2020-02-28 07:59:45.571392,144 days 22:33:44.000000000,34,32,23,100.0,23.0
602,2019-10-06 09:26:01.571392,2020-02-28 07:59:45.571392,144 days 22:33:44.000000000,34,32,23,100.0,23.0
608,2019-05-30 11:00:24.571392,2020-03-04 20:03:08.571392,279 days 09:02:44.000000000,35,23,42,50.0,84.0
612,2019-09-29 13:31:21.571392,2020-03-01 11:45:47.571392,153 days 22:14:26.000000000,35,23,24,50.0,48.0
614,2019-07-01 23:50:14.571392,2020-02-29 15:07:41.571392,242 days 15:17:27.000000000,35,23,37,50.0,74.0
617,2019-09-04 13:14:12.571392,2020-03-02 12:23:24.571392,179 days 23:09:12.000000000,35,23,28,50.0,56.00000000000001
619,2019-06-03 03:47:08.571392,2020-02-28 18:43:17.571392,270 days 14:56:09.000000000,35,23,41,50.0,82.0
623,2019-06-25 10:29:10.571392,2020-02-29 19:25:18.571392,249 days 08:56:08.000000000,35,23,38,50.0,76.0
624,2019-08-02 11:35:32.571392,2020-02-25 11:43:54.571392,207 days 00:08:22.000000000,35,23,32,50.0,64.0
627,2019-11-01 18:22:37.571392,2020-02-20 13:33:09.571392,110 days 19:10:32.000000000,36,1,18,50.0,36.0
628,2019-11-07 13:15:38.571392,2020-02-27 00:50:33.571392,111 days 11:34:55.000000000,36,1,18,50.0,36.0
629,2019-11-11 12:40:35.571392,2020-02-29 23:06:51.571392,110 days 10:26:16.000000000,36,1,18,50.0,36.0
631,2019-12-23 09:30:07.571392,2020-03-01 15:46:49.571392,69 days 06:16:42.000000000,36,1,12,50.0,24.0
642,2019-10-05 23:48:54.571392,2020-02-28 01:38:33.571392,145 days 01:49:39.000000000,36,1,23,50.0,46.0
645,2019-10-20 13:03:50.571392,2020-02-29 17:25:50.571392,132 days 04:22:00.000000000,36,1,21,50.0,42.0
646,2019-11-05 11:17:06.571392,2020-03-01 19:25:38.571392,117 days 08:08:32.000000000,36,1,19,50.0,38.0
649,2019-09-14 04:46:32.571392,2020-02-27 08:28:05.571392,166 days 03:41:33.000000000,37,22,26,50.0,52.0
650,2019-07-04 23:57:23.571392,2020-02-25 02:39:55.571392,235 days 02:42:32.000000000,37,22,36,50.0,72.0
652,2019-09-23 10:34:07.571392,2020-02-22 00:53:12.571392,151 days 14:19:05.000000000,37,22,24,50.0,48.0
653,2019-07-29 11:46:51.571392,2020-02-22 20:20:00.571392,208 days 08:33:09.000000000,37,22,32,50.0,64.0
657,2019-11-26 16:14:52.571392,2020-02-25 14:04:07.571392,90 days 21:49:15.000000000,37,22,15,50.0,30.0
661,2019-06-19 01:31:05.571392,2020-02-24 10:49:14.571392,250 days 09:18:09.000000000,38,3,38,100.0,38.0
664,2019-05-29 20:50:44.571392,2020-03-03 17:27:37.571392,278 days 20:36:53.000000000,38,3,42,100.0,42.0
666,2019-12-02 22:48:42.571392,2020-02-29 19:13:41.571392,88 days 20:24:59.000000000,38,3,15,100.0,15.0
668,2019-11-25 06:48:31.571392,2020-02-29 13:59:42.571392,96 days 07:11:11.000000000,38,3,16,100.0,16.0
674,2020-02-18 09:32:19.571392,2020-02-29 21:48:51.571392,11 days 12:16:32.000000000,39,14,4,50.0,8.0
679,2020-02-25 07:48:40.571392,2020-03-09 08:18:57.571392,13 days 00:30:17.000000000,39,14,3,50.0,6.0
682,2020-02-22 04:53:35.571392,2020-03-06 03:58:03.571392,12 days 23:04:28.000000000,39,14,3,50.0,6.0
684,2020-02-19 14:20:24.571392,2020-02-23 21:16:53.571392,4 days 06:56:29.000000000,39,14,3,50.0,6.0
687,2020-03-02 00:05:59.571392,2020-03-07 09:06:14.571392,5 days 09:00:15.000000000,39,14,3,50.0,6.0
690,2020-02-27 09:29:35.571392,2020-03-11 02:54:21.571392,12 days 17:24:46.000000000,39,14,3,50.0,6.0
691,2020-02-24 21:19:15.571392,2020-03-09 11:01:59.571392,13 days 13:42:44.000000000,39,14,3,50.0,6.0
692,2020-02-14 07:30:51.571392,2020-02-19 04:32:44.571392,4 days 21:01:53.000000000,39,14,3,50.0,6.0
696,2020-02-15 12:47:29.571392,2020-02-28 02:57:25.571392,12 days 14:09:56.000000000,39,14,4,50.0,8.0
697,2020-03-05 01:26:42.571392,2020-03-11 22:33:25.571392,6 days 21:06:43.000000000,39,14,3,50.0,6.0
706,2020-02-21 13:45:02.571392,2020-03-06 00:48:18.571392,13 days 11:03:16.000000000,39,14,3,50.0,6.0
711,2020-02-19 16:46:05.571392,2020-02-26 10:25:45.571392,6 days 17:39:40.000000000,40,35,3,100.0,3.0
715,2020-02-24 03:35:13.571392,2020-03-08 20:17:08.571392,13 days 16:41:55.000000000,40,35,3,100.0,3.0
719,2020-02-19 00:59:28.571392,2020-02-24 18:59:51.571392,5 days 18:00:23.000000000,40,35,3,100.0,3.0
720,2020-02-25 04:51:06.571392,2020-03-08 21:55:55.571392,12 days 17:04:49.000000000,40,35,3,100.0,3.0
724,2020-02-15 17:48:07.571392,2020-02-20 21:04:00.571392,5 days 03:15:53.000000000,40,35,3,100.0,3.0
727,2020-02-14 05:03:47.571392,2020-02-26 18:50:26.571392,12 days 13:46:39.000000000,40,35,4,100.0,4.0
733,2020-02-16 09:06:57.571392,2020-02-21 09:25:38.571392,5 days 00:18:41.000000000,40,35,3,100.0,3.0
735,2020-02-12 20:14:20.571392,2020-03-01 21:46:21.571392,18 days 01:32:01.000000000,40,35,5,100.0,5.0
739,2020-02-09 19:54:52.571392,2020-02-28 04:11:12.571392,18 days 08:16:20.000000000,40,35,5,100.0,5.0
747,2020-02-15 13:03:43.571392,2020-02-21 02:10:53.571392,5 days 13:07:10.000000000,40,35,3,100.0,3.0
755,2020-02-03 01:17:53.571392,2020-03-01 07:12:13.571392,27 days 05:54:20.000000000,41,9,6,50.0,12.0
756,2019-12-13 15:00:12.571392,2020-02-27 14:42:27.571392,75 days 23:42:15.000000000,41,9,13,50.0,26.0
759,2019-12-25 13:41:23.571392,2020-02-23 23:24:05.571392,60 days 09:42:42.000000000,41,9,11,50.0,22.0
767,2019-09-26 15:33:51.571392,2020-03-05 05:11:54.571392,160 days 13:38:03.000000000,42,7,25,50.0,50.0
771,2019-11-19 00:43:31.571392,2020-03-01 20:07:25.571392,103 days 19:23:54.000000000,42,7,17,50.0,34.0
758,2020-01-14 13:01:20.571392,2020-03-08 16:43:58.571392,54 days 03:42:38.000000000,41,9,7,50.0,14.000000000000002
349,2019-12-12 19:18:21.571392,2020-03-12 01:08:02.571392,90 days 05:49:41.000000000,24,24,12,100.0,12.0
503,2019-12-01 20:04:54.571392,2020-03-08 08:30:34.571392,97 days 12:25:40.000000000,29,6,14,100.0,14.000000000000002
340,2019-11-18 23:54:02.571392,2020-03-09 04:55:57.571392,111 days 05:01:55.000000000,23,32,17,100.0,17.0
729,2020-02-13 01:20:01.571392,2020-03-10 07:39:08.571392,26 days 06:19:07.000000000,40,35,4,100.0,4.0
366,2019-11-29 20:45:20.571392,2020-03-04 23:15:26.571392,96 days 02:30:06.000000000,25,38,14,50.0,28.000000000000004
366,2019-11-29 20:45:20.571392,2020-03-04 23:15:26.571392,96 days 02:30:06.000000000,25,32,14,50.0,28.000000000000004
366,2019-11-29 20:45:20.571392,2020-03-04 23:15:26.571392,96 days 02:30:06.000000000,25,32,14,50.0,28.000000000000004
366,2019-11-29 20:45:20.571392,2020-03-04 23:15:26.571392,96 days 02:30:06.000000000,25,32,14,50.0,28.000000000000004
366,2019-11-29 20:45:20.571392,2020-03-04 23:15:26.571392,96 days 02:30:06.000000000,25,32,14,50.0,28.000000000000004
366,2019-11-29 20:45:20.571392,2020-03-04 23:15:26.571392,96 days 02:30:06.000000000,25,32,14,50.0,28.000000000000004
366,2019-11-29 20:45:20.571392,2020-03-04 23:15:26.571392,96 days 02:30:06.000000000,25,32,14,50.0,28.000000000000004
366,2019-11-29 20:45:20.571392,2020-03-04 23:15:26.571392,96 days 02:30:06.000000000,25,32,14,50.0,28.000000000000004
366,2019-11-29 20:45:20.571392,2020-03-04 23:15:26.571392,96 days 02:30:06.000000000,25,32,14,50.0,28.000000000000004
593,2019-11-12 17:43:50.571392,2020-03-08 20:58:09.571392,117 days 03:14:19.000000000,34,4,16,100.0,16.0
593,2019-11-12 17:43:50.571392,2020-03-08 20:58:09.571392,117 days 03:14:19.000000000,34,32,16,100.0,16.0
593,2019-11-12 17:43:50.571392,2020-03-08 20:58:09.571392,117 days 03:14:19.000000000,34,32,16,100.0,16.0
593,2019-11-12 17:43:50.571392,2020-03-08 20:58:09.571392,117 days 03:14:19.000000000,34,32,16,100.0,16.0
593,2019-11-12 17:43:50.571392,2020-03-08 20:58:09.571392,117 days 03:14:19.000000000,34,32,16,100.0,16.0
593,2019-11-12 17:43:50.571392,2020-03-08 20:58:09.571392,117 days 03:14:19.000000000,34,32,16,100.0,16.0
593,2019-11-12 17:43:50.571392,2020-03-08 20:58:09.571392,117 days 03:14:19.000000000,34,32,16,100.0,16.0
593,2019-11-12 17:43:50.571392,2020-03-08 20:58:09.571392,117 days 03:14:19.000000000,34,32,16,100.0,16.0
593,2019-11-12 17:43:50.571392,2020-03-08 20:58:09.571392,117 days 03:14:19.000000000,34,32,16,100.0,16.0
593,2019-11-12 17:43:50.571392,2020-03-08 20:58:09.571392,117 days 03:14:19.000000000,34,32,16,100.0,16.0
593,2019-11-12 17:43:50.571392,2020-03-08 20:58:09.571392,117 days 03:14:19.000000000,34,32,16,100.0,16.0
593,2019-11-12 17:43:50.571392,2020-03-08 20:58:09.571392,117 days 03:14:19.000000000,34,32,16,100.0,16.0
593,2019-11-12 17:43:50.571392,2020-03-08 20:58:09.571392,117 days 03:14:19.000000000,34,32,16,100.0,16.0
19,2019-09-21 06:14:21.571392,2020-03-05 23:08:45.571392,166 days 16:54:24.000000000,2,20,23,100.0,23.0
565,2020-01-27 07:40:16.571392,2020-03-09 07:24:16.571392,41 days 23:44:00.000000000,32,16,6,50.0,12.0
17,2019-10-05 04:21:51.571392,2020-03-05 11:15:36.571392,152 days 06:53:45.000000000,2,20,21,100.0,21.0
751,2020-01-16 12:19:29.571392,2020-03-11 09:42:01.571392,54 days 21:22:32.000000000,41,9,8,50.0,16.0
511,2019-06-22 02:14:17.571392,2020-03-04 17:54:57.571392,256 days 15:40:40.000000000,29,6,31,100.0,31.0
305,2020-01-13 22:41:34.571392,2020-03-09 11:23:48.571392,55 days 12:42:14.000000000,21,19,8,50.0,16.0
170,2019-09-09 16:51:01.571392,2020-03-07 17:43:40.571392,180 days 00:52:39.000000000,13,10,24,100.0,24.0
276,2020-02-09 08:25:40.571392,2020-03-07 00:04:29.571392,26 days 15:38:49.000000000,19,21,4,50.0,8.0
303,2020-01-10 10:46:57.571392,2020-03-05 17:34:24.571392,55 days 06:47:27.000000000,21,19,8,50.0,16.0
524,2019-11-16 23:00:29.571392,2020-03-05 12:09:13.571392,109 days 13:08:44.000000000,30,29,15,100.0,15.0
95,2019-11-14 20:09:01.571392,2020-03-04 04:42:53.571392,110 days 08:33:52.000000000,8,17,15,100.0,15.0
302,2020-02-05 07:47:55.571392,2020-03-09 18:07:59.571392,33 days 10:20:04.000000000,21,19,5,50.0,10.0
204,2019-11-16 01:27:43.571392,2020-03-06 01:10:13.571392,110 days 23:42:30.000000000,15,2,16,100.0,16.0
283,2019-11-04 00:56:20.571392,2020-03-06 07:01:50.571392,123 days 06:05:30.000000000,19,21,17,50.0,34.0
760,2019-12-21 10:15:52.571392,2020-03-05 17:48:27.571392,75 days 07:32:35.000000000,41,9,10,50.0,20.0
165,2019-11-01 02:00:06.571392,2020-03-03 21:56:07.571392,123 days 19:56:01.000000000,13,10,18,100.0,18.0
241,2019-10-17 20:37:54.571392,2020-03-04 14:14:00.571392,138 days 17:36:06.000000000,17,40,19,50.0,38.0
291,2019-11-13 08:18:30.571392,2020-03-11 02:25:03.571392,118 days 18:06:33.000000000,20,5,17,50.0,34.0
352,2019-12-22 12:40:16.571392,2020-03-06 16:33:31.571392,75 days 03:53:15.000000000,24,24,10,100.0,10.0
754,2019-12-19 06:57:22.571392,2020-03-10 09:43:21.571392,82 days 02:45:59.000000000,41,9,12,50.0,24.0
737,2020-02-10 19:06:07.571392,2020-03-07 00:15:57.571392,25 days 05:09:50.000000000,40,35,4,100.0,4.0
163,2019-12-07 08:07:43.571392,2020-03-06 21:27:31.571392,90 days 13:19:48.000000000,13,10,12,100.0,12.0
211,2019-10-12 05:55:04.571392,2020-03-05 19:24:18.571392,145 days 13:29:14.000000000,16,15,21,100.0,21.0
211,2019-10-12 05:55:04.571392,2020-03-05 19:24:18.571392,145 days 13:29:14.000000000,16,32,21,100.0,21.0
211,2019-10-12 05:55:04.571392,2020-03-05 19:24:18.571392,145 days 13:29:14.000000000,16,32,21,100.0,21.0
211,2019-10-12 05:55:04.571392,2020-03-05 19:24:18.571392,145 days 13:29:14.000000000,16,32,21,100.0,21.0
211,2019-10-12 05:55:04.571392,2020-03-05 19:24:18.571392,145 days 13:29:14.000000000,16,32,21,100.0,21.0
211,2019-10-12 05:55:04.571392,2020-03-05 19:24:18.571392,145 days 13:29:14.000000000,16,32,21,100.0,21.0
211,2019-10-12 05:55:04.571392,2020-03-05 19:24:18.571392,145 days 13:29:14.000000000,16,32,21,100.0,21.0
211,2019-10-12 05:55:04.571392,2020-03-05 19:24:18.571392,145 days 13:29:14.000000000,16,32,21,100.0,21.0
211,2019-10-12 05:55:04.571392,2020-03-05 19:24:18.571392,145 days 13:29:14.000000000,16,32,21,100.0,21.0
211,2019-10-12 05:55:04.571392,2020-03-05 19:24:18.571392,145 days 13:29:14.000000000,16,32,21,100.0,21.0
211,2019-10-12 05:55:04.571392,2020-03-05 19:24:18.571392,145 days 13:29:14.000000000,16,32,21,100.0,21.0
211,2019-10-12 05:55:04.571392,2020-03-05 19:24:18.571392,145 days 13:29:14.000000000,16,32,21,100.0,21.0
211,2019-10-12 05:55:04.571392,2020-03-05 19:24:18.571392,145 days 13:29:14.000000000,16,32,21,100.0,21.0
581,2020-01-16 19:51:07.571392,2020-03-12 01:19:35.571392,55 days 05:28:28.000000000,33,36,8,50.0,16.0
581,2020-01-16 19:51:07.571392,2020-03-12 01:19:35.571392,55 days 05:28:28.000000000,33,32,8,50.0,16.0
581,2020-01-16 19:51:07.571392,2020-03-12 01:19:35.571392,55 days 05:28:28.000000000,33,32,8,50.0,16.0
581,2020-01-16 19:51:07.571392,2020-03-12 01:19:35.571392,55 days 05:28:28.000000000,33,32,8,50.0,16.0
581,2020-01-16 19:51:07.571392,2020-03-12 01:19:35.571392,55 days 05:28:28.000000000,33,32,8,50.0,16.0
581,2020-01-16 19:51:07.571392,2020-03-12 01:19:35.571392,55 days 05:28:28.000000000,33,32,8,50.0,16.0
581,2020-01-16 19:51:07.571392,2020-03-12 01:19:35.571392,55 days 05:28:28.000000000,33,32,8,50.0,16.0
581,2020-01-16 19:51:07.571392,2020-03-12 01:19:35.571392,55 days 05:28:28.000000000,33,32,8,50.0,16.0
581,2020-01-16 19:51:07.571392,2020-03-12 01:19:35.571392,55 days 05:28:28.000000000,33,32,8,50.0,16.0
581,2020-01-16 19:51:07.571392,2020-03-12 01:19:35.571392,55 days 05:28:28.000000000,33,32,8,50.0,16.0
581,2020-01-16 19:51:07.571392,2020-03-12 01:19:35.571392,55 days 05:28:28.000000000,33,32,8,50.0,16.0
581,2020-01-16 19:51:07.571392,2020-03-12 01:19:35.571392,55 days 05:28:28.000000000,33,32,8,50.0,16.0
581,2020-01-16 19:51:07.571392,2020-03-12 01:19:35.571392,55 days 05:28:28.000000000,33,32,8,50.0,16.0
581,2020-01-16 19:51:07.571392,2020-03-12 01:19:35.571392,55 days 05:28:28.000000000,33,32,8,50.0,16.0
607,2019-07-09 05:31:14.571392,2020-03-09 04:54:26.571392,243 days 23:23:12.000000000,35,23,33,50.0,66.0
92,2019-11-12 12:14:59.571392,2020-03-08 13:04:44.571392,117 days 00:49:45.000000000,8,17,16,100.0,16.0
226,2019-11-04 05:24:18.571392,2020-03-08 04:29:51.571392,124 days 23:05:33.000000000,16,15,16,100.0,16.0
226,2019-11-04 05:24:18.571392,2020-03-08 04:29:51.571392,124 days 23:05:33.000000000,16,32,16,100.0,16.0
226,2019-11-04 05:24:18.571392,2020-03-08 04:29:51.571392,124 days 23:05:33.000000000,16,32,16,100.0,16.0
226,2019-11-04 05:24:18.571392,2020-03-08 04:29:51.571392,124 days 23:05:33.000000000,16,32,16,100.0,16.0
226,2019-11-04 05:24:18.571392,2020-03-08 04:29:51.571392,124 days 23:05:33.000000000,16,32,16,100.0,16.0
226,2019-11-04 05:24:18.571392,2020-03-08 04:29:51.571392,124 days 23:05:33.000000000,16,32,16,100.0,16.0
226,2019-11-04 05:24:18.571392,2020-03-08 04:29:51.571392,124 days 23:05:33.000000000,16,32,16,100.0,16.0
226,2019-11-04 05:24:18.571392,2020-03-08 04:29:51.571392,124 days 23:05:33.000000000,16,32,16,100.0,16.0
226,2019-11-04 05:24:18.571392,2020-03-08 04:29:51.571392,124 days 23:05:33.000000000,16,32,16,100.0,16.0
226,2019-11-04 05:24:18.571392,2020-03-08 04:29:51.571392,124 days 23:05:33.000000000,16,32,16,100.0,16.0
226,2019-11-04 05:24:18.571392,2020-03-08 04:29:51.571392,124 days 23:05:33.000000000,16,32,16,100.0,16.0
226,2019-11-04 05:24:18.571392,2020-03-08 04:29:51.571392,124 days 23:05:33.000000000,16,32,16,100.0,16.0
226,2019-11-04 05:24:18.571392,2020-03-08 04:29:51.571392,124 days 23:05:33.000000000,16,32,16,100.0,16.0
651,2019-12-08 15:28:55.571392,2020-03-08 12:47:32.571392,90 days 21:18:37.000000000,37,22,12,50.0,24.0
37,2019-09-01 17:44:50.571392,2020-03-06 14:02:47.571392,186 days 20:17:57.000000000,4,26,24,100.0,24.0
235,2019-12-03 15:45:10.571392,2020-03-08 12:42:39.571392,95 days 20:57:29.000000000,17,40,14,50.0,28.000000000000004
311,2020-02-02 03:45:17.571392,2020-03-05 16:59:20.571392,32 days 13:14:03.000000000,21,19,5,50.0,10.0
517,2019-10-18 06:58:19.571392,2020-03-04 21:34:36.571392,138 days 14:36:17.000000000,29,6,19,100.0,19.0
346,2019-12-31 01:50:48.571392,2020-03-08 22:06:21.571392,68 days 20:15:33.000000000,24,24,10,100.0,10.0
107,2019-10-29 09:30:47.571392,2020-03-07 21:42:48.571392,130 days 12:12:01.000000000,8,17,19,100.0,19.0
